Workbook

Sheet resultado-db-usuario-1
A1: id | B1: requisição | C1: metodo | D1: caminho | E1: rota | F1: statusCode | G1: duracaoMs | H1: iniciadoEm | I1: finalizadoEm | J1: ip | K1: userAgent | L1: createdAt
A2: cmpjwmned008nw2rw28xkyim4 | B2: =resultado_db_usuario_1[[#This Row],[metodo]]&" "&SUBSTITUTE(resultado_db_usuario_1[[#This Row],[rota]],"/api/v1","") -> DELETE /pecas/:id | C2: DELETE | D2: /api/v1/pecas/21 | E2: /api/v1/pecas/:id | F2: 204 | G2: 5.43 | H2: 46166.625 | I2: 46166.625 | J2: ::ffff:127.0.0.1 | K2: Apache-HttpClient/4.5.14 (Java/21.0.11) | L2: 46166.625
A3: cmpjwmngz008xw2rwymi3m97o | B3: =resultado_db_usuario_1[[#This Row],[metodo]]&" "&SUBSTITUTE(resultado_db_usuario_1[[#This Row],[rota]],"/api/v1","") -> DELETE /pecas/:id | C3: DELETE | D3: /api/v1/pecas/21 | E3: /api/v1/pecas/:id | F3: 204 | G3: 6.52 | H3: 46166.625 | I3: 46166.625 | J3: ::ffff:127.0.0.1 | K3: Apache-HttpClient/4.5.14 (Java/21.0.11) | L3: 46166.625
A4: cmpjwmnj70097w2rwbmc3nzlk | B4: =resultado_db_usuario_1[[#This Row],[metodo]]&" "&SUBSTITUTE(resultado_db_usuario_1[[#This Row],[rota]],"/api/v1","") -> DELETE /pecas/:id | C4: DELETE | D4: /api/v1/pecas/21 | E4: /api/v1/pecas/:id | F4: 204 | G4: 5.6 | H4: 46166.625 | I4: 46166.625 | J4: ::ffff:127.0.0.1 | K4: Apache-HttpClient/4.5.14 (Java/21.0.11) | L4: 46166.625
A5: cmpjwmnln009hw2rwk3ib1clc | B5: =resultado_db_usuario_1[[#This Row],[metodo]]&" "&SUBSTITUTE(resultado_db_usuario_1[[#This Row],[rota]],"/api/v1","") -> DELETE /pecas/:id | C5: DELETE | D5: /api/v1/pecas/21 | E5: /api/v1/pecas/:id | F5: 204 | G5: 7.46 | H5: 46166.625 | I5: 46166.625 | J5: ::ffff:127.0.0.1 | K5: Apache-HttpClient/4.5.14 (Java/21.0.11) | L5: 46166.625
A6: cmpjwmnny009rw2rwd21e4m3m | B6: =resultado_db_usuario_1[[#This Row],[metodo]]&" "&SUBSTITUTE(resultado_db_usuario_1[[#This Row],[rota]],"/api/v1","") -> DELETE /pecas/:id | C6: DELETE | D6: /api/v1/pecas/21 | E6: /api/v1/pecas/:id | F6: 204 | G6: 6.3 | H6: 46166.625 | I6: 46166.625 | J6: ::ffff:127.0.0.1 | K6: Apache-HttpClient/4.5.14 (Java/21.0.11) | L6: 46166.625
A7: cmpjwmnqc00a1w2rwr3290ijr | B7: =resultado_db_usuario_1[[#This Row],[metodo]]&" "&SUBSTITUTE(resultado_db_usuario_1[[#This Row],[rota]],"/api/v1","") -> DELETE /pecas/:id | C7: DELETE | D7: /api/v1/pecas/21 | E7: /api/v1/pecas/:id | F7: 204 | G7: 6.1 | H7: 46166.625 | I7: 46166.625 | J7: ::ffff:127.0.0.1 | K7: Apache-HttpClient/4.5.14 (Java/21.0.11) | L7: 46166.625
A8: cmpjwmnsw00abw2rwwlpplyvw | B8: =resultado_db_usuario_1[[#This Row],[metodo]]&" "&SUBSTITUTE(resultado_db_usuario_1[[#This Row],[rota]],"/api/v1","") -> DELETE /pecas/:id | C8: DELETE | D8: /api/v1/pecas/21 | E8: /api/v1/pecas/:id | F8: 204 | G8: 6.66 | H8: 46166.625 | I8: 46166.625 | J8: ::ffff:127.0.0.1 | K8: Apache-HttpClient/4.5.14 (Java/21.0.11) | L8: 46166.625
A9: cmpjwmnvp00alw2rwcw8p71jn | B9: =resultado_db_usuario_1[[#This Row],[metodo]]&" "&SUBSTITUTE(resultado_db_usuario_1[[#This Row],[rota]],"/api/v1","") -> DELETE /pecas/:id | C9: DELETE | D9: /api/v1/pecas/21 | E9: /api/v1/pecas/:id | F9: 204 | G9: 6.38 | H9: 46166.625 | I9: 46166.625 | J9: ::ffff:127.0.0.1 | K9: Apache-HttpClient/4.5.14 (Java/21.0.11) | L9: 46166.625
A10: cmpjwmnxx00avw2rwpk3qrs20 | B10: =resultado_db_usuario_1[[#This Row],[metodo]]&" "&SUBSTITUTE(resultado_db_usuario_1[[#This Row],[rota]],"/api/v1","") -> DELETE /pecas/:id | C10: DELETE | D10: /api/v1/pecas/21 | E10: /api/v1/pecas/:id | F10: 204 | G10: 6.2 | H10: 46166.625 | I10: 46166.625 | J10: ::ffff:127.0.0.1 | K10: Apache-HttpClient/4.5.14 (Java/21.0.11) | L10: 46166.625
A11: cmpjwmo0c00b5w2rw5zcwjlyk | B11: =resultado_db_usuario_1[[#This Row],[metodo]]&" "&SUBSTITUTE(resultado_db_usuario_1[[#This Row],[rota]],"/api/v1","") -> DELETE /pecas/:id | C11: DELETE | D11: /api/v1/pecas/21 | E11: /api/v1/pecas/:id | F11: 204 | G11: 6.18 | H11: 46166.625 | I11: 46166.625 | J11: ::ffff:127.0.0.1 | K11: Apache-HttpClient/4.5.14 (Java/21.0.11) | L11: 46166.625
A12: cmpjwmnc6008ew2rwaioxjmpe | B12: =resultado_db_usuario_1[[#This Row],[metodo]]&" "&SUBSTITUTE(resultado_db_usuario_1[[#This Row],[rota]],"/api/v1","") -> GET /aeronaves/ | C12: GET | D12: /api/v1/aeronaves | E12: /api/v1/aeronaves/ | F12: 200 | G12: 15.28 | H12: 46166.625 | I12: 46166.625 | J12: ::ffff:127.0.0.1 | K12: Apache-HttpClient/4.5.14 (Java/21.0.11) | L12: 46166.625
A13: cmpjwmnew008ow2rw5tlyl3m7 | B13: =resultado_db_usuario_1[[#This Row],[metodo]]&" "&SUBSTITUTE(resultado_db_usuario_1[[#This Row],[rota]],"/api/v1","") -> GET /aeronaves/ | C13: GET | D13: /api/v1/aeronaves | E13: /api/v1/aeronaves/ | F13: 200 | G13: 17.41 | H13: 46166.625 | I13: 46166.625 | J13: ::ffff:127.0.0.1 | K13: Apache-HttpClient/4.5.14 (Java/21.0.11) | L13: 46166.625
... A50: cmpjwmnwk00apw2rwq2ckkns0 | B50: =resultado_db_usuario_1[[#This Row],[metodo]]&" "&SUBSTITUTE(resultado_db_usuario_1[[#This Row],[rota]],"/api/v1","") -> GET /pecas/ | C50: GET | D50: /api/v1/pecas | E50: /api/v1/pecas/ | F50: 200 | G50: 3.64 | H50: 46166.625 | I50: 46166.625 | J50: ::ffff:127.0.0.1 | K50: Apache-HttpClient/4.5.14 (Java/21.0.11) | L50: 46166.625
A51: cmpjwmnz000azw2rw39mkba8z | B51: =resultado_db_usuario_1[[#This Row],[metodo]]&" "&SUBSTITUTE(resultado_db_usuario_1[[#This Row],[rota]],"/api/v1","") -> GET /pecas/ | C51: GET | D51: /api/v1/pecas | E51: /api/v1/pecas/ | F51: 200 | G51: 5 | H51: 46166.625 | I51: 46166.625 | J51: ::ffff:127.0.0.1 | K51: Apache-HttpClient/4.5.14 (Java/21.0.11) | L51: 46166.625
A52: cmpjwmne6008mw2rwmjnss1gl | B52: =resultado_db_usuario_1[[#This Row],[metodo]]&" "&SUBSTITUTE(resultado_db_usuario_1[[#This Row],[rota]],"/api/v1","") -> GET /pecas/:id | C52: GET | D52: /api/v1/pecas/21 | E52: /api/v1/pecas/:id | F52: 200 | G52: 2.73 | H52: 46166.625 | I52: 46166.625 | J52: ::ffff:127.0.0.1 | K52: Apache-HttpClient/4.5.14 (Java/21.0.11) | L52: 46166.625
A53: cmpjwmngr008ww2rweyhbziuj | B53: =resultado_db_usuario_1[[#This Row],[metodo]]&" "&SUBSTITUTE(resultado_db_usuario_1[[#This Row],[rota]],"/api/v1","") -> GET /pecas/:id | C53: GET | D53: /api/v1/pecas/21 | E53: /api/v1/pecas/:id | F53: 200 | G53: 2.97 | H53: 46166.625 | I53: 46166.625 | J53: ::ffff:127.0.0.1 | K53: Apache-HttpClient/4.5.14 (Java/21.0.11) | L53: 46166.625
A54: cmpjwmnj00096w2rw881e0koo | B54: =resultado_db_usuario_1[[#This Row],[metodo]]&" "&SUBSTITUTE(resultado_db_usuario_1[[#This Row],[rota]],"/api/v1","") -> GET /pecas/:id | C54: GET | D54: /api/v1/pecas/21 | E54: /api/v1/pecas/:id | F54: 200 | G54: 2.71 | H54: 46166.625 | I54: 46166.625 | J54: ::ffff:127.0.0.1 | K54: Apache-HttpClient/4.5.14 (Java/21.0.11) | L54: 46166.625
A55: cmpjwmnld009gw2rw0zsm9spj | B55: =resultado_db_usuario_1[[#This Row],[metodo]]&" "&SUBSTITUTE(resultado_db_usuario_1[[#This Row],[rota]],"/api/v1","") -> GET /pecas/:id | C55: GET | D55: /api/v1/pecas/21 | E55: /api/v1/pecas/:id | F55: 200 | G55: 2.43 | H55: 46166.625 | I55: 46166.625 | J55: ::ffff:127.0.0.1 | K55: Apache-HttpClient/4.5.14 (Java/21.0.11) | L55: 46166.625
A56: cmpjwmnnq009qw2rwrtwpkbl9 | B56: =resultado_db_usuario_1[[#This Row],[metodo]]&" "&SUBSTITUTE(resultado_db_usuario_1[[#This Row],[rota]],"/api/v1","") -> GET /pecas/:id | C56: GET | D56: /api/v1/pecas/21 | E56: /api/v1/pecas/:id | F56: 200 | G56: 2.51 | H56: 46166.625 | I56: 46166.625 | J56: ::ffff:127.0.0.1 | K56: Apache-HttpClient/4.5.14 (Java/21.0.11) | L56: 46166.625
A57: cmpjwmnq400a0w2rwe98ib570 | B57: =resultado_db_usuario_1[[#This Row],[metodo]]&" "&SUBSTITUTE(resultado_db_usuario_1[[#This Row],[rota]],"/api/v1","") -> GET /pecas/:id | C57: GET | D57: /api/v1/pecas/21 | E57: /api/v1/pecas/:id | F57: 200 | G57: 2.57 | H57: 46166.625 | I57: 46166.625 | J57: ::ffff:127.0.0.1 | K57: Apache-HttpClient/4.5.14 (Java/21.0.11) | L57: 46166.625
A58: cmpjwmnso00aaw2rwnn977fa7 | B58: =resultado_db_usuario_1[[#This Row],[metodo]]&" "&SUBSTITUTE(resultado_db_usuario_1[[#This Row],[rota]],"/api/v1","") -> GET /pecas/:id | C58: GET | D58: /api/v1/pecas/21 | E58: /api/v1/pecas/:id | F58: 200 | G58: 3.55 | H58: 46166.625 | I58: 46166.625 | J58: ::ffff:127.0.0.1 | K58: Apache-HttpClient/4.5.14 (Java/21.0.11) | L58: 46166.625
A59: cmpjwmnvh00akw2rw6t1bs8hl | B59: =resultado_db_usuario_1[[#This Row],[metodo]]&" "&SUBSTITUTE(resultado_db_usuario_1[[#This Row],[rota]],"/api/v1","") -> GET /pecas/:id | C59: GET | D59: /api/v1/pecas/21 | E59: /api/v1/pecas/:id | F59: 200 | G59: 2.14 | H59: 46166.625 | I59: 46166.625 | J59: ::ffff:127.0.0.1 | K59: Apache-HttpClient/4.5.14 (Java/21.0.11) | L59: 46166.625
A60: cmpjwmnxp00auw2rwzy91o3s6 | B60: =resultado_db_usuario_1[[#This Row],[metodo]]&" "&SUBSTITUTE(resultado_db_usuario_1[[#This Row],[rota]],"/api/v1","") -> GET /pecas/:id | C60: GET | D60: /api/v1/pecas/21 | E60: /api/v1/pecas/:id | F60: 200 | G60: 2.85 | H60: 46166.625 | I60: 46166.625 | J60: ::ffff:127.0.0.1 | K60: Apache-HttpClient/4.5.14 (Java/21.0.11) | L60: 46166.625
A61: cmpjwmo0400b4w2rw01kh7ph9 | B61: =resultado_db_usuario_1[[#This Row],[metodo]]&" "&SUBSTITUTE(resultado_db_usuario_1[[#This Row],[rota]],"/api/v1","") -> GET /pecas/:id | C61: GET | D61: /api/v1/pecas/21 | E61: /api/v1/pecas/:id | F61: 200 | G61: 2.57 | H61: 46166.625 | I61: 46166.625 | J61: ::ffff:127.0.0.1 | K61: Apache-HttpClient/4.5.14 (Java/21.0.11) | L61: 46166.625
A62: cmpjwmncx008iw2rwgvwomy0e | B62: =resultado_db_usuario_1[[#This Row],[metodo]]&" "&SUBSTITUTE(resultado_db_usuario_1[[#This Row],[rota]],"/api/v1","") -> GET /relatorios/ | C62: GET | D62: /api/v1/relatorios | E62: /api/v1/relatorios/ | F62: 200 | G62: 5.21 | H62: 46166.625 | I62: 46166.625 | J62: ::ffff:127.0.0.1 | K62: Apache-HttpClient/4.5.14 (Java/21.0.11) | L62: 46166.625
A63: cmpjwmnfm008sw2rwo7fdm62m | B63: =resultado_db_usuario_1[[#This Row],[metodo]]&" "&SUBSTITUTE(resultado_db_usuario_1[[#This Row],[rota]],"/api/v1","") -> GET /relatorios/ | C63: GET | D63: /api/v1/relatorios | E63: /api/v1/relatorios/ | F63: 200 | G63: 4.31 | H63: 46166.625 | I63: 46166.625 | J63: ::ffff:127.0.0.1 | K63: Apache-HttpClient/4.5.14 (Java/21.0.11) | L63: 46166.625
... A101: cmpjwmnzp00b2w2rw014uebp5 | B101: =resultado_db_usuario_1[[#This Row],[metodo]]&" "&SUBSTITUTE(resultado_db_usuario_1[[#This Row],[rota]],"/api/v1","") -> POST /pecas/ | C101: POST | D101: /api/v1/pecas | E101: /api/v1/pecas/ | F101: 201 | G101: 11.11 | H101: 46166.625 | I101: 46166.625 | J101: ::ffff:127.0.0.1 | K101: Apache-HttpClient/4.5.14 (Java/21.0.11) | L101: 46166.625

Sheet resultado-db-usuario-5
A1: id | B1: requisição | C1: metodo | D1: caminho | E1: rota | F1: statusCode | G1: duracaoMs | H1: iniciadoEm | I1: finalizadoEm | J1: ip | K1: userAgent | L1: createdAt
A2: cmpjx8znd00bfw2rw33km2qiu | B2: =resultado_db_usuario_5[[#This Row],[metodo]]&" "&SUBSTITUTE(resultado_db_usuario_5[[#This Row],[rota]],"/api/v1","") -> DELETE /pecas/:id | C2: DELETE | D2: /api/v1/pecas/21 | E2: /api/v1/pecas/:id | F2: 204 | G2: 5.55 | H2: 46166.637 | I2: 46166.637 | J2: ::ffff:127.0.0.1 | K2: Apache-HttpClient/4.5.14 (Java/21.0.11) | L2: 46166.637
A3: cmpjx8zq200bpw2rw5w4i2dk6 | B3: =resultado_db_usuario_5[[#This Row],[metodo]]&" "&SUBSTITUTE(resultado_db_usuario_5[[#This Row],[rota]],"/api/v1","") -> DELETE /pecas/:id | C3: DELETE | D3: /api/v1/pecas/21 | E3: /api/v1/pecas/:id | F3: 204 | G3: 9.5 | H3: 46166.637 | I3: 46166.637 | J3: ::ffff:127.0.0.1 | K3: Apache-HttpClient/4.5.14 (Java/21.0.11) | L3: 46166.637
A4: cmpjx8ztp00c7w2rw9dfn7db4 | B4: =resultado_db_usuario_5[[#This Row],[metodo]]&" "&SUBSTITUTE(resultado_db_usuario_5[[#This Row],[rota]],"/api/v1","") -> DELETE /pecas/:id | C4: DELETE | D4: /api/v1/pecas/ID_NAO_ENCONTRADO | E4: /api/v1/pecas/:id | F4: 404 | G4: 7.61 | H4: 46166.637 | I4: 46166.637 | J4: ::ffff:127.0.0.1 | K4: Apache-HttpClient/4.5.14 (Java/21.0.11) | L4: 46166.637
A5: cmpjx8zuf00caw2rwx9tm8wf9 | B5: =resultado_db_usuario_5[[#This Row],[metodo]]&" "&SUBSTITUTE(resultado_db_usuario_5[[#This Row],[rota]],"/api/v1","") -> DELETE /pecas/:id | C5: DELETE | D5: /api/v1/pecas/21 | E5: /api/v1/pecas/:id | F5: 204 | G5: 14.37 | H5: 46166.637 | I5: 46166.637 | J5: ::ffff:127.0.0.1 | K5: Apache-HttpClient/4.5.14 (Java/21.0.11) | L5: 46166.637
A6: cmpjx8zyq00cyw2rw4m6x9z43 | B6: =resultado_db_usuario_5[[#This Row],[metodo]]&" "&SUBSTITUTE(resultado_db_usuario_5[[#This Row],[rota]],"/api/v1","") -> DELETE /pecas/:id | C6: DELETE | D6: /api/v1/pecas/21 | E6: /api/v1/pecas/:id | F6: 204 | G6: 6.95 | H6: 46166.637 | I6: 46166.637 | J6: ::ffff:127.0.0.1 | K6: Apache-HttpClient/4.5.14 (Java/21.0.11) | L6: 46166.637
A7: cmpjx8zz700d1w2rwm48se7zi | B7: =resultado_db_usuario_5[[#This Row],[metodo]]&" "&SUBSTITUTE(resultado_db_usuario_5[[#This Row],[rota]],"/api/v1","") -> DELETE /pecas/:id | C7: DELETE | D7: /api/v1/pecas/22 | E7: /api/v1/pecas/:id | F7: 204 | G7: 11.74 | H7: 46166.637 | I7: 46166.637 | J7: ::ffff:127.0.0.1 | K7: Apache-HttpClient/4.5.14 (Java/21.0.11) | L7: 46166.637
A8: cmpjx900100d5w2rwqqdxgxhu | B8: =resultado_db_usuario_5[[#This Row],[metodo]]&" "&SUBSTITUTE(resultado_db_usuario_5[[#This Row],[rota]],"/api/v1","") -> DELETE /pecas/:id | C8: DELETE | D8: /api/v1/pecas/23 | E8: /api/v1/pecas/:id | F8: 204 | G8: 14.18 | H8: 46166.637 | I8: 46166.637 | J8: ::ffff:127.0.0.1 | K8: Apache-HttpClient/4.5.14 (Java/21.0.11) | L8: 46166.637
A9: cmpjx904e00dzw2rwb59m10ma | B9: =resultado_db_usuario_5[[#This Row],[metodo]]&" "&SUBSTITUTE(resultado_db_usuario_5[[#This Row],[rota]],"/api/v1","") -> DELETE /pecas/:id | C9: DELETE | D9: /api/v1/pecas/ID_NAO_ENCONTRADO | E9: /api/v1/pecas/:id | F9: 404 | G9: 7.62 | H9: 46166.637 | I9: 46166.637 | J9: ::ffff:127.0.0.1 | K9: Apache-HttpClient/4.5.14 (Java/21.0.11) | L9: 46166.637
A10: cmpjx904z00e2w2rw77dxizg0 | B10: =resultado_db_usuario_5[[#This Row],[metodo]]&" "&SUBSTITUTE(resultado_db_usuario_5[[#This Row],[rota]],"/api/v1","") -> DELETE /pecas/:id | C10: DELETE | D10: /api/v1/pecas/21 | E10: /api/v1/pecas/:id | F10: 204 | G10: 19.55 | H10: 46166.637 | I10: 46166.637 | J10: ::ffff:127.0.0.1 | K10: Apache-HttpClient/4.5.14 (Java/21.0.11) | L10: 46166.637
A11: cmpjx905y00e7w2rw942imdl9 | B11: =resultado_db_usuario_5[[#This Row],[metodo]]&" "&SUBSTITUTE(resultado_db_usuario_5[[#This Row],[rota]],"/api/v1","") -> DELETE /pecas/:id | C11: DELETE | D11: /api/v1/pecas/22 | E11: /api/v1/pecas/:id | F11: 204 | G11: 14.57 | H11: 46166.637 | I11: 46166.637 | J11: ::ffff:127.0.0.1 | K11: Apache-HttpClient/4.5.14 (Java/21.0.11) | L11: 46166.637
A12: cmpjx907d00eew2rw78m9nweb | B12: =resultado_db_usuario_5[[#This Row],[metodo]]&" "&SUBSTITUTE(resultado_db_usuario_5[[#This Row],[rota]],"/api/v1","") -> DELETE /pecas/:id | C12: DELETE | D12: /api/v1/pecas/23 | E12: /api/v1/pecas/:id | F12: 204 | G12: 26.4 | H12: 46166.637 | I12: 46166.637 | J12: ::ffff:127.0.0.1 | K12: Apache-HttpClient/4.5.14 (Java/21.0.11) | L12: 46166.637
A13: cmpjx90ay00f9w2rwebxh2l88 | B13: =resultado_db_usuario_5[[#This Row],[metodo]]&" "&SUBSTITUTE(resultado_db_usuario_5[[#This Row],[rota]],"/api/v1","") -> DELETE /pecas/:id | C13: DELETE | D13: /api/v1/pecas/21 | E13: /api/v1/pecas/:id | F13: 204 | G13: 6.79 | H13: 46166.637 | I13: 46166.637 | J13: ::ffff:127.0.0.1 | K13: Apache-HttpClient/4.5.14 (Java/21.0.11) | L13: 46166.637
... A43: cmpjx91d500n7w2rwufif13p5 | B43: =resultado_db_usuario_5[[#This Row],[metodo]]&" "&SUBSTITUTE(resultado_db_usuario_5[[#This Row],[rota]],"/api/v1","") -> DELETE /pecas/:id | C43: DELETE | D43: /api/v1/pecas/22 | E43: /api/v1/pecas/:id | F43: 204 | G43: 11.79 | H43: 46166.637 | I43: 46166.637 | J43: ::ffff:127.0.0.1 | K43: Apache-HttpClient/4.5.14 (Java/21.0.11) | L43: 46166.637
A44: cmpjx91e100nbw2rw3tipu3ub | B44: =resultado_db_usuario_5[[#This Row],[metodo]]&" "&SUBSTITUTE(resultado_db_usuario_5[[#This Row],[rota]],"/api/v1","") -> DELETE /pecas/:id | C44: DELETE | D44: /api/v1/pecas/23 | E44: /api/v1/pecas/:id | F44: 204 | G44: 12 | H44: 46166.637 | I44: 46166.637 | J44: ::ffff:127.0.0.1 | K44: Apache-HttpClient/4.5.14 (Java/21.0.11) | L44: 46166.637
A45: cmpjx91f900nnw2rwjpxi0r82 | B45: =resultado_db_usuario_5[[#This Row],[metodo]]&" "&SUBSTITUTE(resultado_db_usuario_5[[#This Row],[rota]],"/api/v1","") -> DELETE /pecas/:id | C45: DELETE | D45: /api/v1/pecas/24 | E45: /api/v1/pecas/:id | F45: 204 | G45: 8.84 | H45: 46166.637 | I45: 46166.637 | J45: ::ffff:127.0.0.1 | K45: Apache-HttpClient/4.5.14 (Java/21.0.11) | L45: 46166.637
A46: cmpjx91h300o0w2rws8oyqcp8 | B46: =resultado_db_usuario_5[[#This Row],[metodo]]&" "&SUBSTITUTE(resultado_db_usuario_5[[#This Row],[rota]],"/api/v1","") -> DELETE /pecas/:id | C46: DELETE | D46: /api/v1/pecas/21 | E46: /api/v1/pecas/:id | F46: 204 | G46: 7.38 | H46: 46166.637 | I46: 46166.637 | J46: ::ffff:127.0.0.1 | K46: Apache-HttpClient/4.5.14 (Java/21.0.11) | L46: 46166.637
A47: cmpjx91hm00o3w2rw9j3obx7a | B47: =resultado_db_usuario_5[[#This Row],[metodo]]&" "&SUBSTITUTE(resultado_db_usuario_5[[#This Row],[rota]],"/api/v1","") -> DELETE /pecas/:id | C47: DELETE | D47: /api/v1/pecas/22 | E47: /api/v1/pecas/:id | F47: 204 | G47: 11.04 | H47: 46166.637 | I47: 46166.637 | J47: ::ffff:127.0.0.1 | K47: Apache-HttpClient/4.5.14 (Java/21.0.11) | L47: 46166.637
A48: cmpjx91j100odw2rw1z9zjlyb | B48: =resultado_db_usuario_5[[#This Row],[metodo]]&" "&SUBSTITUTE(resultado_db_usuario_5[[#This Row],[rota]],"/api/v1","") -> DELETE /pecas/:id | C48: DELETE | D48: /api/v1/pecas/21 | E48: /api/v1/pecas/:id | F48: 204 | G48: 5.89 | H48: 46166.637 | I48: 46166.637 | J48: ::ffff:127.0.0.1 | K48: Apache-HttpClient/4.5.14 (Java/21.0.11) | L48: 46166.637
A49: cmpjx91kx00olw2rwpj7fq1o1 | B49: =resultado_db_usuario_5[[#This Row],[metodo]]&" "&SUBSTITUTE(resultado_db_usuario_5[[#This Row],[rota]],"/api/v1","") -> DELETE /pecas/:id | C49: DELETE | D49: /api/v1/pecas/21 | E49: /api/v1/pecas/:id | F49: 204 | G49: 5.22 | H49: 46166.637 | I49: 46166.637 | J49: ::ffff:127.0.0.1 | K49: Apache-HttpClient/4.5.14 (Java/21.0.11) | L49: 46166.637
A50: cmpjx91ma00oxw2rwd2vgjltd | B50: =resultado_db_usuario_5[[#This Row],[metodo]]&" "&SUBSTITUTE(resultado_db_usuario_5[[#This Row],[rota]],"/api/v1","") -> DELETE /pecas/:id | C50: DELETE | D50: /api/v1/pecas/21 | E50: /api/v1/pecas/:id | F50: 204 | G50: 5.15 | H50: 46166.637 | I50: 46166.637 | J50: ::ffff:127.0.0.1 | K50: Apache-HttpClient/4.5.14 (Java/21.0.11) | L50: 46166.637
A51: cmpjx91n200p1w2rw7kybgrfc | B51: =resultado_db_usuario_5[[#This Row],[metodo]]&" "&SUBSTITUTE(resultado_db_usuario_5[[#This Row],[rota]],"/api/v1","") -> DELETE /pecas/:id | C51: DELETE | D51: /api/v1/pecas/21 | E51: /api/v1/pecas/:id | F51: 204 | G51: 5.77 | H51: 46166.637 | I51: 46166.637 | J51: ::ffff:127.0.0.1 | K51: Apache-HttpClient/4.5.14 (Java/21.0.11) | L51: 46166.637
A52: cmpjx8zl300b6w2rwdeqa0p1m | B52: =resultado_db_usuario_5[[#This Row],[metodo]]&" "&SUBSTITUTE(resultado_db_usuario_5[[#This Row],[rota]],"/api/v1","") -> GET /aeronaves/ | C52: GET | D52: /api/v1/aeronaves | E52: /api/v1/aeronaves/ | F52: 200 | G52: 31.42 | H52: 46166.637 | I52: 46166.637 | J52: ::ffff:127.0.0.1 | K52: Apache-HttpClient/4.5.14 (Java/21.0.11) | L52: 46166.637
A53: cmpjx8znx00bgw2rwfce9pjee | B53: =resultado_db_usuario_5[[#This Row],[metodo]]&" "&SUBSTITUTE(resultado_db_usuario_5[[#This Row],[rota]],"/api/v1","") -> GET /aeronaves/ | C53: GET | D53: /api/v1/aeronaves | E53: /api/v1/aeronaves/ | F53: 200 | G53: 18.51 | H53: 46166.637 | I53: 46166.637 | J53: ::ffff:127.0.0.1 | K53: Apache-HttpClient/4.5.14 (Java/21.0.11) | L53: 46166.637
A54: cmpjx8zqh00bqw2rwm922689q | B54: =resultado_db_usuario_5[[#This Row],[metodo]]&" "&SUBSTITUTE(resultado_db_usuario_5[[#This Row],[rota]],"/api/v1","") -> GET /aeronaves/ | C54: GET | D54: /api/v1/aeronaves | E54: /api/v1/aeronaves/ | F54: 200 | G54: 23.02 | H54: 46166.637 | I54: 46166.637 | J54: ::ffff:127.0.0.1 | K54: Apache-HttpClient/4.5.14 (Java/21.0.11) | L54: 46166.637
A55: cmpjx8zr200brw2rwfxuh83bo | B55: =resultado_db_usuario_5[[#This Row],[metodo]]&" "&SUBSTITUTE(resultado_db_usuario_5[[#This Row],[rota]],"/api/v1","") -> GET /aeronaves/ | C55: GET | D55: /api/v1/aeronaves | E55: /api/v1/aeronaves/ | F55: 200 | G55: 26.63 | H55: 46166.637 | I55: 46166.637 | J55: ::ffff:127.0.0.1 | K55: Apache-HttpClient/4.5.14 (Java/21.0.11) | L55: 46166.637
A56: cmpjx8zud00c9w2rwlj37nqrh | B56: =resultado_db_usuario_5[[#This Row],[metodo]]&" "&SUBSTITUTE(resultado_db_usuario_5[[#This Row],[rota]],"/api/v1","") -> GET /aeronaves/ | C56: GET | D56: /api/v1/aeronaves | E56: /api/v1/aeronaves/ | F56: 200 | G56: 21.33 | H56: 46166.637 | I56: 46166.637 | J56: ::ffff:127.0.0.1 | K56: Apache-HttpClient/4.5.14 (Java/21.0.11) | L56: 46166.637
... A61: cmpjx901400d9w2rwpz09e0mg | B61: =resultado_db_usuario_5[[#This Row],[metodo]]&" "&SUBSTITUTE(resultado_db_usuario_5[[#This Row],[rota]],"/api/v1","") -> GET /aeronaves/ | C61: GET | D61: /api/v1/aeronaves | E61: /api/v1/aeronaves/ | F61: 200 | G61: 33.69 | H61: 46166.637 | I61: 46166.637 | J61: ::ffff:127.0.0.1 | K61: Apache-HttpClient/4.5.14 (Java/21.0.11) | L61: 46166.637
A62: cmpjx902000dew2rwwxz82284 | B62: =resultado_db_usuario_5[[#This Row],[metodo]]&" "&SUBSTITUTE(resultado_db_usuario_5[[#This Row],[rota]],"/api/v1","") -> GET /aeronaves/ | C62: GET | D62: /api/v1/aeronaves | E62: /api/v1/aeronaves/ | F62: 200 | G62: 23 | H62: 46166.637 | I62: 46166.637 | J62: ::ffff:127.0.0.1 | K62: Apache-HttpClient/4.5.14 (Java/21.0.11) | L62: 46166.637
A63: cmpjx905a00e3w2rwueeok1us | B63: =resultado_db_usuario_5[[#This Row],[metodo]]&" "&SUBSTITUTE(resultado_db_usuario_5[[#This Row],[rota]],"/api/v1","") -> GET /aeronaves/ | C63: GET | D63: /api/v1/aeronaves | E63: /api/v1/aeronaves/ | F63: 200 | G63: 30.15 | H63: 46166.637 | I63: 46166.637 | J63: ::ffff:127.0.0.1 | K63: Apache-HttpClient/4.5.14 (Java/21.0.11) | L63: 46166.637
A64: cmpjx906600e8w2rwncosckf0 | B64: =resultado_db_usuario_5[[#This Row],[metodo]]&" "&SUBSTITUTE(resultado_db_usuario_5[[#This Row],[rota]],"/api/v1","") -> GET /aeronaves/ | C64: GET | D64: /api/v1/aeronaves | E64: /api/v1/aeronaves/ | F64: 200 | G64: 27.2 | H64: 46166.637 | I64: 46166.637 | J64: ::ffff:127.0.0.1 | K64: Apache-HttpClient/4.5.14 (Java/21.0.11) | L64: 46166.637
A65: cmpjx907100ecw2rwx9uy9wso | B65: =resultado_db_usuario_5[[#This Row],[metodo]]&" "&SUBSTITUTE(resultado_db_usuario_5[[#This Row],[rota]],"/api/v1","") -> GET /aeronaves/ | C65: GET | D65: /api/v1/aeronaves | E65: /api/v1/aeronaves/ | F65: 200 | G65: 28.97 | H65: 46166.637 | I65: 46166.637 | J65: ::ffff:127.0.0.1 | K65: Apache-HttpClient/4.5.14 (Java/21.0.11) | L65: 46166.637
A66: cmpjx907o00efw2rwyeha3hft | B66: =resultado_db_usuario_5[[#This Row],[metodo]]&" "&SUBSTITUTE(resultado_db_usuario_5[[#This Row],[rota]],"/api/v1","") -> GET /aeronaves/ | C66: GET | D66: /api/v1/aeronaves | E66: /api/v1/aeronaves/ | F66: 200 | G66: 37.45 | H66: 46166.637 | I66: 46166.637 | J66: ::ffff:127.0.0.1 | K66: Apache-HttpClient/4.5.14 (Java/21.0.11) | L66: 46166.637
A67: cmpjx908l00ekw2rw4rtx3d99 | B67: =resultado_db_usuario_5[[#This Row],[metodo]]&" "&SUBSTITUTE(resultado_db_usuario_5[[#This Row],[rota]],"/api/v1","") -> GET /aeronaves/ | C67: GET | D67: /api/v1/aeronaves | E67: /api/v1/aeronaves/ | F67: 200 | G67: 32.03 | H67: 46166.637 | I67: 46166.637 | J67: ::ffff:127.0.0.1 | K67: Apache-HttpClient/4.5.14 (Java/21.0.11) | L67: 46166.637
A68: cmpjx90bp00fgw2rw967jaw3m | B68: =resultado_db_usuario_5[[#This Row],[metodo]]&" "&SUBSTITUTE(resultado_db_usuario_5[[#This Row],[rota]],"/api/v1","") -> GET /aeronaves/ | C68: GET | D68: /api/v1/aeronaves | E68: /api/v1/aeronaves/ | F68: 200 | G68: 21.21 | H68: 46166.637 | I68: 46166.637 | J68: ::ffff:127.0.0.1 | K68: Apache-HttpClient/4.5.14 (Java/21.0.11) | L68: 46166.637
A69: cmpjx90ch00fmw2rwg6wvn189 | B69: =resultado_db_usuario_5[[#This Row],[metodo]]&" "&SUBSTITUTE(resultado_db_usuario_5[[#This Row],[rota]],"/api/v1","") -> GET /aeronaves/ | C69: GET | D69: /api/v1/aeronaves | E69: /api/v1/aeronaves/ | F69: 200 | G69: 21.84 | H69: 46166.637 | I69: 46166.637 | J69: ::ffff:127.0.0.1 | K69: Apache-HttpClient/4.5.14 (Java/21.0.11) | L69: 46166.637
A70: cmpjx90cw00fpw2rw4nn0fmaq | B70: =resultado_db_usuario_5[[#This Row],[metodo]]&" "&SUBSTITUTE(resultado_db_usuario_5[[#This Row],[rota]],"/api/v1","") -> GET /aeronaves/ | C70: GET | D70: /api/v1/aeronaves | E70: /api/v1/aeronaves/ | F70: 200 | G70: 22.22 | H70: 46166.637 | I70: 46166.637 | J70: ::ffff:127.0.0.1 | K70: Apache-HttpClient/4.5.14 (Java/21.0.11) | L70: 46166.637
A71: cmpjx90dh00frw2rwzpz33wuu | B71: =resultado_db_usuario_5[[#This Row],[metodo]]&" "&SUBSTITUTE(resultado_db_usuario_5[[#This Row],[rota]],"/api/v1","") -> GET /aeronaves/ | C71: GET | D71: /api/v1/aeronaves | E71: /api/v1/aeronaves/ | F71: 200 | G71: 31.46 | H71: 46166.637 | I71: 46166.637 | J71: ::ffff:127.0.0.1 | K71: Apache-HttpClient/4.5.14 (Java/21.0.11) | L71: 46166.637
A72: cmpjx90eg00g0w2rwzq4ivvvf | B72: =resultado_db_usuario_5[[#This Row],[metodo]]&" "&SUBSTITUTE(resultado_db_usuario_5[[#This Row],[rota]],"/api/v1","") -> GET /aeronaves/ | C72: GET | D72: /api/v1/aeronaves | E72: /api/v1/aeronaves/ | F72: 200 | G72: 21.37 | H72: 46166.637 | I72: 46166.637 | J72: ::ffff:127.0.0.1 | K72: Apache-HttpClient/4.5.14 (Java/21.0.11) | L72: 46166.637
A73: cmpjx90ho00guw2rw4ulocxas | B73: =resultado_db_usuario_5[[#This Row],[metodo]]&" "&SUBSTITUTE(resultado_db_usuario_5[[#This Row],[rota]],"/api/v1","") -> GET /aeronaves/ | C73: GET | D73: /api/v1/aeronaves | E73: /api/v1/aeronaves/ | F73: 200 | G73: 21.08 | H73: 46166.637 | I73: 46166.637 | J73: ::ffff:127.0.0.1 | K73: Apache-HttpClient/4.5.14 (Java/21.0.11) | L73: 46166.637
A74: cmpjx90in00gzw2rwstwnyui5 | B74: =resultado_db_usuario_5[[#This Row],[metodo]]&" "&SUBSTITUTE(resultado_db_usuario_5[[#This Row],[rota]],"/api/v1","") -> GET /aeronaves/ | C74: GET | D74: /api/v1/aeronaves | E74: /api/v1/aeronaves/ | F74: 200 | G74: 29.17 | H74: 46166.637 | I74: 46166.637 | J74: ::ffff:127.0.0.1 | K74: Apache-HttpClient/4.5.14 (Java/21.0.11) | L74: 46166.637
... A255: cmpjx8ztt00c8w2rwehfiwe9m | B255: =resultado_db_usuario_5[[#This Row],[metodo]]&" "&SUBSTITUTE(resultado_db_usuario_5[[#This Row],[rota]],"/api/v1","") -> GET /pecas/:id | C255: GET | D255: /api/v1/pecas/21 | E255: /api/v1/pecas/:id | F255: 200 | G255: 2.95 | H255: 46166.637 | I255: 46166.637 | J255: ::ffff:127.0.0.1 | K255: Apache-HttpClient/4.5.14 (Java/21.0.11) | L255: 46166.637
A256: cmpjx8zyh00cvw2rwibvio093 | B256: =resultado_db_usuario_5[[#This Row],[metodo]]&" "&SUBSTITUTE(resultado_db_usuario_5[[#This Row],[rota]],"/api/v1","") -> GET /pecas/:id | C256: GET | D256: /api/v1/pecas/21 | E256: /api/v1/pecas/:id | F256: 200 | G256: 5 | H256: 46166.637 | I256: 46166.637 | J256: ::ffff:127.0.0.1 | K256: Apache-HttpClient/4.5.14 (Java/21.0.11) | L256: 46166.637
A257: cmpjx8zyt00czw2rwlt5rw9mv | B257: =resultado_db_usuario_5[[#This Row],[metodo]]&" "&SUBSTITUTE(resultado_db_usuario_5[[#This Row],[rota]],"/api/v1","") -> GET /pecas/:id | C257: GET | D257: /api/v1/pecas/22 | E257: /api/v1/pecas/:id | F257: 200 | G257: 3.84 | H257: 46166.637 | I257: 46166.637 | J257: ::ffff:127.0.0.1 | K257: Apache-HttpClient/4.5.14 (Java/21.0.11) | L257: 46166.637
A258: cmpjx8zze00d2w2rwu7f9lawv | B258: =resultado_db_usuario_5[[#This Row],[metodo]]&" "&SUBSTITUTE(resultado_db_usuario_5[[#This Row],[rota]],"/api/v1","") -> GET /pecas/:id | C258: GET | D258: /api/v1/pecas/23 | E258: /api/v1/pecas/:id | F258: 200 | G258: 5.57 | H258: 46166.637 | I258: 46166.637 | J258: ::ffff:127.0.0.1 | K258: Apache-HttpClient/4.5.14 (Java/21.0.11) | L258: 46166.637
A259: cmpjx903z00dxw2rwyjpbqmq0 | B259: =resultado_db_usuario_5[[#This Row],[metodo]]&" "&SUBSTITUTE(resultado_db_usuario_5[[#This Row],[rota]],"/api/v1","") -> GET /pecas/:id | C259: GET | D259: /api/v1/pecas/ID_NAO_ENCONTRADO | E259: /api/v1/pecas/:id | F259: 404 | G259: 8.74 | H259: 46166.637 | I259: 46166.637 | J259: ::ffff:127.0.0.1 | K259: Apache-HttpClient/4.5.14 (Java/21.0.11) | L259: 46166.637
A260: cmpjx904900dyw2rwt7317eoy | B260: =resultado_db_usuario_5[[#This Row],[metodo]]&" "&SUBSTITUTE(resultado_db_usuario_5[[#This Row],[rota]],"/api/v1","") -> GET /pecas/:id | C260: GET | D260: /api/v1/pecas/21 | E260: /api/v1/pecas/:id | F260: 200 | G260: 5.13 | H260: 46166.637 | I260: 46166.637 | J260: ::ffff:127.0.0.1 | K260: Apache-HttpClient/4.5.14 (Java/21.0.11) | L260: 46166.637
A261: cmpjx905c00e4w2rwrz1crbfx | B261: =resultado_db_usuario_5[[#This Row],[metodo]]&" "&SUBSTITUTE(resultado_db_usuario_5[[#This Row],[rota]],"/api/v1","") -> GET /pecas/:id | C261: GET | D261: /api/v1/pecas/22 | E261: /api/v1/pecas/:id | F261: 200 | G261: 17.11 | H261: 46166.637 | I261: 46166.637 | J261: ::ffff:127.0.0.1 | K261: Apache-HttpClient/4.5.14 (Java/21.0.11) | L261: 46166.637
A262: cmpjx906g00eaw2rwh18fznu7 | B262: =resultado_db_usuario_5[[#This Row],[metodo]]&" "&SUBSTITUTE(resultado_db_usuario_5[[#This Row],[rota]],"/api/v1","") -> GET /pecas/:id | C262: GET | D262: /api/v1/pecas/23 | E262: /api/v1/pecas/:id | F262: 200 | G262: 9.09 | H262: 46166.637 | I262: 46166.637 | J262: ::ffff:127.0.0.1 | K262: Apache-HttpClient/4.5.14 (Java/21.0.11) | L262: 46166.637
A263: cmpjx90ah00f5w2rw86twpvgz | B263: =resultado_db_usuario_5[[#This Row],[metodo]]&" "&SUBSTITUTE(resultado_db_usuario_5[[#This Row],[rota]],"/api/v1","") -> GET /pecas/:id | C263: GET | D263: /api/v1/pecas/21 | E263: /api/v1/pecas/:id | F263: 200 | G263: 5.16 | H263: 46166.637 | I263: 46166.637 | J263: ::ffff:127.0.0.1 | K263: Apache-HttpClient/4.5.14 (Java/21.0.11) | L263: 46166.637
A264: cmpjx90b200fbw2rwyizhn7so | B264: =resultado_db_usuario_5[[#This Row],[metodo]]&" "&SUBSTITUTE(resultado_db_usuario_5[[#This Row],[rota]],"/api/v1","") -> GET /pecas/:id | C264: GET | D264: /api/v1/pecas/22 | E264: /api/v1/pecas/:id | F264: 200 | G264: 5.45 | H264: 46166.637 | I264: 46166.637 | J264: ::ffff:127.0.0.1 | K264: Apache-HttpClient/4.5.14 (Java/21.0.11) | L264: 46166.637
A265: cmpjx90be00few2rw7hy3t36c | B265: =resultado_db_usuario_5[[#This Row],[metodo]]&" "&SUBSTITUTE(resultado_db_usuario_5[[#This Row],[rota]],"/api/v1","") -> GET /pecas/:id | C265: GET | D265: /api/v1/pecas/ID_NAO_ENCONTRADO | E265: /api/v1/pecas/:id | F265: 404 | G265: 9.37 | H265: 46166.637 | I265: 46166.637 | J265: ::ffff:127.0.0.1 | K265: Apache-HttpClient/4.5.14 (Java/21.0.11) | L265: 46166.637
A266: cmpjx90bu00fhw2rwiuzeloz9 | B266: =resultado_db_usuario_5[[#This Row],[metodo]]&" "&SUBSTITUTE(resultado_db_usuario_5[[#This Row],[rota]],"/api/v1","") -> GET /pecas/:id | C266: GET | D266: /api/v1/pecas/23 | E266: /api/v1/pecas/:id | F266: 200 | G266: 12.72 | H266: 46166.637 | I266: 46166.637 | J266: ::ffff:127.0.0.1 | K266: Apache-HttpClient/4.5.14 (Java/21.0.11) | L266: 46166.637
A267: cmpjx90cp00fow2rw5nx9ikp6 | B267: =resultado_db_usuario_5[[#This Row],[metodo]]&" "&SUBSTITUTE(resultado_db_usuario_5[[#This Row],[rota]],"/api/v1","") -> GET /pecas/:id | C267: GET | D267: /api/v1/pecas/24 | E267: /api/v1/pecas/:id | F267: 200 | G267: 7.55 | H267: 46166.637 | I267: 46166.637 | J267: ::ffff:127.0.0.1 | K267: Apache-HttpClient/4.5.14 (Java/21.0.11) | L267: 46166.637
A268: cmpjx90gm00glw2rweu60ghog | B268: =resultado_db_usuario_5[[#This Row],[metodo]]&" "&SUBSTITUTE(resultado_db_usuario_5[[#This Row],[rota]],"/api/v1","") -> GET /pecas/:id | C268: GET | D268: /api/v1/pecas/21 | E268: /api/v1/pecas/:id | F268: 200 | G268: 7.2 | H268: 46166.637 | I268: 46166.637 | J268: ::ffff:127.0.0.1 | K268: Apache-HttpClient/4.5.14 (Java/21.0.11) | L268: 46166.637
... A443: cmpjx91ce00n2w2rwjprb14fk | B443: =resultado_db_usuario_5[[#This Row],[metodo]]&" "&SUBSTITUTE(resultado_db_usuario_5[[#This Row],[rota]],"/api/v1","") -> PATCH /pecas/:id | C443: PATCH | D443: /api/v1/pecas/22 | E443: /api/v1/pecas/:id | F443: 200 | G443: 14.93 | H443: 46166.637 | I443: 46166.637 | J443: ::ffff:127.0.0.1 | K443: Apache-HttpClient/4.5.14 (Java/21.0.11) | L443: 46166.637
A444: cmpjx91cw00n6w2rwet9ats3b | B444: =resultado_db_usuario_5[[#This Row],[metodo]]&" "&SUBSTITUTE(resultado_db_usuario_5[[#This Row],[rota]],"/api/v1","") -> PATCH /pecas/:id | C444: PATCH | D444: /api/v1/pecas/23 | E444: /api/v1/pecas/:id | F444: 200 | G444: 15 | H444: 46166.637 | I444: 46166.637 | J444: ::ffff:127.0.0.1 | K444: Apache-HttpClient/4.5.14 (Java/21.0.11) | L444: 46166.637
A445: cmpjx91el00ngw2rwwmh1he7g | B445: =resultado_db_usuario_5[[#This Row],[metodo]]&" "&SUBSTITUTE(resultado_db_usuario_5[[#This Row],[rota]],"/api/v1","") -> PATCH /pecas/:id | C445: PATCH | D445: /api/v1/pecas/24 | E445: /api/v1/pecas/:id | F445: 200 | G445: 22.12 | H445: 46166.637 | I445: 46166.637 | J445: ::ffff:127.0.0.1 | K445: Apache-HttpClient/4.5.14 (Java/21.0.11) | L445: 46166.637
A446: cmpjx91gk00nvw2rw1ewxhjc9 | B446: =resultado_db_usuario_5[[#This Row],[metodo]]&" "&SUBSTITUTE(resultado_db_usuario_5[[#This Row],[rota]],"/api/v1","") -> PATCH /pecas/:id | C446: PATCH | D446: /api/v1/pecas/21 | E446: /api/v1/pecas/:id | F446: 200 | G446: 12.89 | H446: 46166.637 | I446: 46166.637 | J446: ::ffff:127.0.0.1 | K446: Apache-HttpClient/4.5.14 (Java/21.0.11) | L446: 46166.637
A447: cmpjx91gx00nyw2rwpith6g7c | B447: =resultado_db_usuario_5[[#This Row],[metodo]]&" "&SUBSTITUTE(resultado_db_usuario_5[[#This Row],[rota]],"/api/v1","") -> PATCH /pecas/:id | C447: PATCH | D447: /api/v1/pecas/22 | E447: /api/v1/pecas/:id | F447: 200 | G447: 11.18 | H447: 46166.637 | I447: 46166.637 | J447: ::ffff:127.0.0.1 | K447: Apache-HttpClient/4.5.14 (Java/21.0.11) | L447: 46166.637
A448: cmpjx91in00o9w2rw0wcmp63u | B448: =resultado_db_usuario_5[[#This Row],[metodo]]&" "&SUBSTITUTE(resultado_db_usuario_5[[#This Row],[rota]],"/api/v1","") -> PATCH /pecas/:id | C448: PATCH | D448: /api/v1/pecas/21 | E448: /api/v1/pecas/:id | F448: 200 | G448: 12.88 | H448: 46166.637 | I448: 46166.637 | J448: ::ffff:127.0.0.1 | K448: Apache-HttpClient/4.5.14 (Java/21.0.11) | L448: 46166.637
A449: cmpjx91kg00ohw2rwcgf88ufc | B449: =resultado_db_usuario_5[[#This Row],[metodo]]&" "&SUBSTITUTE(resultado_db_usuario_5[[#This Row],[rota]],"/api/v1","") -> PATCH /pecas/:id | C449: PATCH | D449: /api/v1/pecas/21 | E449: /api/v1/pecas/:id | F449: 200 | G449: 9.74 | H449: 46166.637 | I449: 46166.637 | J449: ::ffff:127.0.0.1 | K449: Apache-HttpClient/4.5.14 (Java/21.0.11) | L449: 46166.637
A450: cmpjx91ly00otw2rwjdxonyso | B450: =resultado_db_usuario_5[[#This Row],[metodo]]&" "&SUBSTITUTE(resultado_db_usuario_5[[#This Row],[rota]],"/api/v1","") -> PATCH /pecas/:id | C450: PATCH | D450: /api/v1/pecas/21 | E450: /api/v1/pecas/:id | F450: 200 | G450: 7.56 | H450: 46166.637 | I450: 46166.637 | J450: ::ffff:127.0.0.1 | K450: Apache-HttpClient/4.5.14 (Java/21.0.11) | L450: 46166.637
A451: cmpjx91mr00ozw2rwrlrbfcy4 | B451: =resultado_db_usuario_5[[#This Row],[metodo]]&" "&SUBSTITUTE(resultado_db_usuario_5[[#This Row],[rota]],"/api/v1","") -> PATCH /pecas/:id | C451: PATCH | D451: /api/v1/pecas/21 | E451: /api/v1/pecas/:id | F451: 200 | G451: 7.86 | H451: 46166.637 | I451: 46166.637 | J451: ::ffff:127.0.0.1 | K451: Apache-HttpClient/4.5.14 (Java/21.0.11) | L451: 46166.637
A452: cmpjx8zmm00bcw2rwkx9qjgmr | B452: =resultado_db_usuario_5[[#This Row],[metodo]]&" "&SUBSTITUTE(resultado_db_usuario_5[[#This Row],[rota]],"/api/v1","") -> POST /pecas/ | C452: POST | D452: /api/v1/pecas | E452: /api/v1/pecas/ | F452: 201 | G452: 14 | H452: 46166.637 | I452: 46166.637 | J452: ::ffff:127.0.0.1 | K452: Apache-HttpClient/4.5.14 (Java/21.0.11) | L452: 46166.637
A453: cmpjx8zpb00bmw2rwmomjt9mi | B453: =resultado_db_usuario_5[[#This Row],[metodo]]&" "&SUBSTITUTE(resultado_db_usuario_5[[#This Row],[rota]],"/api/v1","") -> POST /pecas/ | C453: POST | D453: /api/v1/pecas | E453: /api/v1/pecas/ | F453: 201 | G453: 10.55 | H453: 46166.637 | I453: 46166.637 | J453: ::ffff:127.0.0.1 | K453: Apache-HttpClient/4.5.14 (Java/21.0.11) | L453: 46166.637
A454: cmpjx8zt000c2w2rwayx84fwa | B454: =resultado_db_usuario_5[[#This Row],[metodo]]&" "&SUBSTITUTE(resultado_db_usuario_5[[#This Row],[rota]],"/api/v1","") -> POST /pecas/ | C454: POST | D454: /api/v1/pecas | E454: /api/v1/pecas/ | F454: 201 | G454: 18.28 | H454: 46166.637 | I454: 46166.637 | J454: ::ffff:127.0.0.1 | K454: Apache-HttpClient/4.5.14 (Java/21.0.11) | L454: 46166.637
A455: cmpjx8zt400c3w2rwd8boovte | B455: =resultado_db_usuario_5[[#This Row],[metodo]]&" "&SUBSTITUTE(resultado_db_usuario_5[[#This Row],[rota]],"/api/v1","") -> POST /pecas/ | C455: POST | D455: /api/v1/pecas | E455: /api/v1/pecas/ | F455: 400 | G455: 13.12 | H455: 46166.637 | I455: 46166.637 | J455: ::ffff:127.0.0.1 | K455: Apache-HttpClient/4.5.14 (Java/21.0.11) | L455: 46166.637
A456: cmpjx8zxt00cqw2rwwm3fow4x | B456: =resultado_db_usuario_5[[#This Row],[metodo]]&" "&SUBSTITUTE(resultado_db_usuario_5[[#This Row],[rota]],"/api/v1","") -> POST /pecas/ | C456: POST | D456: /api/v1/pecas | E456: /api/v1/pecas/ | F456: 201 | G456: 20.79 | H456: 46166.637 | I456: 46166.637 | J456: ::ffff:127.0.0.1 | K456: Apache-HttpClient/4.5.14 (Java/21.0.11) | L456: 46166.637
A457: cmpjx8zy600ctw2rwr0j7tvc2 | B457: =resultado_db_usuario_5[[#This Row],[metodo]]&" "&SUBSTITUTE(resultado_db_usuario_5[[#This Row],[rota]],"/api/v1","") -> POST /pecas/ | C457: POST | D457: /api/v1/pecas | E457: /api/v1/pecas/ | F457: 201 | G457: 11.29 | H457: 46166.637 | I457: 46166.637 | J457: ::ffff:127.0.0.1 | K457: Apache-HttpClient/4.5.14 (Java/21.0.11) | L457: 46166.637
A458: cmpjx8zyk00cww2rwct5k56x1 | B458: =resultado_db_usuario_5[[#This Row],[metodo]]&" "&SUBSTITUTE(resultado_db_usuario_5[[#This Row],[rota]],"/api/v1","") -> POST /pecas/ | C458: POST | D458: /api/v1/pecas | E458: /api/v1/pecas/ | F458: 201 | G458: 12.37 | H458: 46166.637 | I458: 46166.637 | J458: ::ffff:127.0.0.1 | K458: Apache-HttpClient/4.5.14 (Java/21.0.11) | L458: 46166.637
A459: cmpjx903700dqw2rw1u1xui35 | B459: =resultado_db_usuario_5[[#This Row],[metodo]]&" "&SUBSTITUTE(resultado_db_usuario_5[[#This Row],[rota]],"/api/v1","") -> POST /pecas/ | C459: POST | D459: /api/v1/pecas | E459: /api/v1/pecas/ | F459: 201 | G459: 17.76 | H459: 46166.637 | I459: 46166.637 | J459: ::ffff:127.0.0.1 | K459: Apache-HttpClient/4.5.14 (Java/21.0.11) | L459: 46166.637
A460: cmpjx903d00drw2rw68m6wii1 | B460: =resultado_db_usuario_5[[#This Row],[metodo]]&" "&SUBSTITUTE(resultado_db_usuario_5[[#This Row],[rota]],"/api/v1","") -> POST /pecas/ | C460: POST | D460: /api/v1/pecas | E460: /api/v1/pecas/ | F460: 400 | G460: 19.92 | H460: 46166.637 | I460: 46166.637 | J460: ::ffff:127.0.0.1 | K460: Apache-HttpClient/4.5.14 (Java/21.0.11) | L460: 46166.637
A461: cmpjx903v00dvw2rwnji1vzmh | B461: =resultado_db_usuario_5[[#This Row],[metodo]]&" "&SUBSTITUTE(resultado_db_usuario_5[[#This Row],[rota]],"/api/v1","") -> POST /pecas/ | C461: POST | D461: /api/v1/pecas | E461: /api/v1/pecas/ | F461: 201 | G461: 21.72 | H461: 46166.637 | I461: 46166.637 | J461: ::ffff:127.0.0.1 | K461: Apache-HttpClient/4.5.14 (Java/21.0.11) | L461: 46166.637
A462: cmpjx904m00e1w2rwow3vnnzr | B462: =resultado_db_usuario_5[[#This Row],[metodo]]&" "&SUBSTITUTE(resultado_db_usuario_5[[#This Row],[rota]],"/api/v1","") -> POST /pecas/ | C462: POST | D462: /api/v1/pecas | E462: /api/v1/pecas/ | F462: 201 | G462: 19.44 | H462: 46166.637 | I462: 46166.637 | J462: ::ffff:127.0.0.1 | K462: Apache-HttpClient/4.5.14 (Java/21.0.11) | L462: 46166.637
A463: cmpjx909n00eww2rwvv8twxhb | B463: =resultado_db_usuario_5[[#This Row],[metodo]]&" "&SUBSTITUTE(resultado_db_usuario_5[[#This Row],[rota]],"/api/v1","") -> POST /pecas/ | C463: POST | D463: /api/v1/pecas | E463: /api/v1/pecas/ | F463: 201 | G463: 22.58 | H463: 46166.637 | I463: 46166.637 | J463: ::ffff:127.0.0.1 | K463: Apache-HttpClient/4.5.14 (Java/21.0.11) | L463: 46166.637
A464: cmpjx90a500f2w2rwg51mqlb9 | B464: =resultado_db_usuario_5[[#This Row],[metodo]]&" "&SUBSTITUTE(resultado_db_usuario_5[[#This Row],[rota]],"/api/v1","") -> POST /pecas/ | C464: POST | D464: /api/v1/pecas | E464: /api/v1/pecas/ | F464: 201 | G464: 20.38 | H464: 46166.637 | I464: 46166.637 | J464: ::ffff:127.0.0.1 | K464: Apache-HttpClient/4.5.14 (Java/21.0.11) | L464: 46166.637
... A501: cmpjx91mh00oyw2rw419jy8cb | B501: =resultado_db_usuario_5[[#This Row],[metodo]]&" "&SUBSTITUTE(resultado_db_usuario_5[[#This Row],[rota]],"/api/v1","") -> POST /pecas/ | C501: POST | D501: /api/v1/pecas | E501: /api/v1/pecas/ | F501: 201 | G501: 8.49 | H501: 46166.637 | I501: 46166.637 | J501: ::ffff:127.0.0.1 | K501: Apache-HttpClient/4.5.14 (Java/21.0.11) | L501: 46166.637

Sheet resultado-db-usuario-10
A1: id | B1: requisição | C1: metodo | D1: caminho | E1: rota | F1: statusCode | G1: duracaoMs | H1: iniciadoEm | I1: finalizadoEm | J1: ip | K1: userAgent | L1: createdAt
A2: cmpjxfr3c00pbw2rwja53ycv5 | B2: =resultado_db_usuario_10[[#This Row],[metodo]]&" "&SUBSTITUTE(resultado_db_usuario_10[[#This Row],[rota]],"/api/v1","") -> DELETE /pecas/:id | C2: DELETE | D2: /api/v1/pecas/21 | E2: /api/v1/pecas/:id | F2: 204 | G2: 4 | H2: 46166.641 | I2: 46166.641 | J2: ::ffff:127.0.0.1 | K2: Apache-HttpClient/4.5.14 (Java/21.0.11) | L2: 46166.641
A3: cmpjxfr5x00puw2rwmvqcreq0 | B3: =resultado_db_usuario_10[[#This Row],[metodo]]&" "&SUBSTITUTE(resultado_db_usuario_10[[#This Row],[rota]],"/api/v1","") -> DELETE /pecas/:id | C3: DELETE | D3: /api/v1/pecas/21 | E3: /api/v1/pecas/:id | F3: 204 | G3: 6.06 | H3: 46166.641 | I3: 46166.641 | J3: ::ffff:127.0.0.1 | K3: Apache-HttpClient/4.5.14 (Java/21.0.11) | L3: 46166.641
A4: cmpjxfr6500pvw2rwhvfq6uow | B4: =resultado_db_usuario_10[[#This Row],[metodo]]&" "&SUBSTITUTE(resultado_db_usuario_10[[#This Row],[rota]],"/api/v1","") -> DELETE /pecas/:id | C4: DELETE | D4: /api/v1/pecas/22 | E4: /api/v1/pecas/:id | F4: 204 | G4: 6.64 | H4: 46166.641 | I4: 46166.641 | J4: ::ffff:127.0.0.1 | K4: Apache-HttpClient/4.5.14 (Java/21.0.11) | L4: 46166.641
A5: cmpjxfr8g00qjw2rwmcyvwf1s | B5: =resultado_db_usuario_10[[#This Row],[metodo]]&" "&SUBSTITUTE(resultado_db_usuario_10[[#This Row],[rota]],"/api/v1","") -> DELETE /pecas/:id | C5: DELETE | D5: /api/v1/pecas/ID_NAO_ENCONTRADO | E5: /api/v1/pecas/:id | F5: 404 | G5: 5.24 | H5: 46166.641 | I5: 46166.641 | J5: ::ffff:127.0.0.1 | K5: Apache-HttpClient/4.5.14 (Java/21.0.11) | L5: 46166.641
A6: cmpjxfr8s00qmw2rwskn6tssg | B6: =resultado_db_usuario_10[[#This Row],[metodo]]&" "&SUBSTITUTE(resultado_db_usuario_10[[#This Row],[rota]],"/api/v1","") -> DELETE /pecas/:id | C6: DELETE | D6: /api/v1/pecas/21 | E6: /api/v1/pecas/:id | F6: 204 | G6: 9.25 | H6: 46166.641 | I6: 46166.641 | J6: ::ffff:127.0.0.1 | K6: Apache-HttpClient/4.5.14 (Java/21.0.11) | L6: 46166.641
A7: cmpjxfr9v00qxw2rwv4559lja | B7: =resultado_db_usuario_10[[#This Row],[metodo]]&" "&SUBSTITUTE(resultado_db_usuario_10[[#This Row],[rota]],"/api/v1","") -> DELETE /pecas/:id | C7: DELETE | D7: /api/v1/pecas/22 | E7: /api/v1/pecas/:id | F7: 204 | G7: 6.39 | H7: 46166.641 | I7: 46166.641 | J7: ::ffff:127.0.0.1 | K7: Apache-HttpClient/4.5.14 (Java/21.0.11) | L7: 46166.641
A8: cmpjxfrbm00rjw2rwhrjwut5f | B8: =resultado_db_usuario_10[[#This Row],[metodo]]&" "&SUBSTITUTE(resultado_db_usuario_10[[#This Row],[rota]],"/api/v1","") -> DELETE /pecas/:id | C8: DELETE | D8: /api/v1/pecas/21 | E8: /api/v1/pecas/:id | F8: 204 | G8: 5.46 | H8: 46166.641 | I8: 46166.641 | J8: ::ffff:127.0.0.1 | K8: Apache-HttpClient/4.5.14 (Java/21.0.11) | L8: 46166.641
A9: cmpjxfrc200rnw2rwu9tc6b53 | B9: =resultado_db_usuario_10[[#This Row],[metodo]]&" "&SUBSTITUTE(resultado_db_usuario_10[[#This Row],[rota]],"/api/v1","") -> DELETE /pecas/:id | C9: DELETE | D9: /api/v1/pecas/22 | E9: /api/v1/pecas/:id | F9: 204 | G9: 11.64 | H9: 46166.641 | I9: 46166.641 | J9: ::ffff:127.0.0.1 | K9: Apache-HttpClient/4.5.14 (Java/21.0.11) | L9: 46166.641
A10: cmpjxfrdc00rzw2rw78acmg0m | B10: =resultado_db_usuario_10[[#This Row],[metodo]]&" "&SUBSTITUTE(resultado_db_usuario_10[[#This Row],[rota]],"/api/v1","") -> DELETE /pecas/:id | C10: DELETE | D10: /api/v1/pecas/ID_NAO_ENCONTRADO | E10: /api/v1/pecas/:id | F10: 404 | G10: 11.14 | H10: 46166.641 | I10: 46166.641 | J10: ::ffff:127.0.0.1 | K10: Apache-HttpClient/4.5.14 (Java/21.0.11) | L10: 46166.641
A11: cmpjxfrdf00s1w2rwy2402dwa | B11: =resultado_db_usuario_10[[#This Row],[metodo]]&" "&SUBSTITUTE(resultado_db_usuario_10[[#This Row],[rota]],"/api/v1","") -> DELETE /pecas/:id | C11: DELETE | D11: /api/v1/pecas/23 | E11: /api/v1/pecas/:id | F11: 204 | G11: 14.15 | H11: 46166.641 | I11: 46166.641 | J11: ::ffff:127.0.0.1 | K11: Apache-HttpClient/4.5.14 (Java/21.0.11) | L11: 46166.641
A12: cmpjxfrg200svw2rwc72luyfc | B12: =resultado_db_usuario_10[[#This Row],[metodo]]&" "&SUBSTITUTE(resultado_db_usuario_10[[#This Row],[rota]],"/api/v1","") -> DELETE /pecas/:id | C12: DELETE | D12: /api/v1/pecas/21 | E12: /api/v1/pecas/:id | F12: 204 | G12: 11.03 | H12: 46166.641 | I12: 46166.641 | J12: ::ffff:127.0.0.1 | K12: Apache-HttpClient/4.5.14 (Java/21.0.11) | L12: 46166.641
A13: cmpjxfrgi00t1w2rwu3vok0u5 | B13: =resultado_db_usuario_10[[#This Row],[metodo]]&" "&SUBSTITUTE(resultado_db_usuario_10[[#This Row],[rota]],"/api/v1","") -> DELETE /pecas/:id | C13: DELETE | D13: /api/v1/pecas/22 | E13: /api/v1/pecas/:id | F13: 204 | G13: 11.39 | H13: 46166.641 | I13: 46166.641 | J13: ::ffff:127.0.0.1 | K13: Apache-HttpClient/4.5.14 (Java/21.0.11) | L13: 46166.641
A14: cmpjxfrhi00tbw2rwr3tc5qxv | B14: =resultado_db_usuario_10[[#This Row],[metodo]]&" "&SUBSTITUTE(resultado_db_usuario_10[[#This Row],[rota]],"/api/v1","") -> DELETE /pecas/:id | C14: DELETE | D14: /api/v1/pecas/23 | E14: /api/v1/pecas/:id | F14: 204 | G14: 11.25 | H14: 46166.641 | I14: 46166.641 | J14: ::ffff:127.0.0.1 | K14: Apache-HttpClient/4.5.14 (Java/21.0.11) | L14: 46166.641
A15: cmpjxfrhq00tew2rwiwrghpd8 | B15: =resultado_db_usuario_10[[#This Row],[metodo]]&" "&SUBSTITUTE(resultado_db_usuario_10[[#This Row],[rota]],"/api/v1","") -> DELETE /pecas/:id | C15: DELETE | D15: /api/v1/pecas/ID_NAO_ENCONTRADO | E15: /api/v1/pecas/:id | F15: 404 | G15: 5.32 | H15: 46166.641 | I15: 46166.641 | J15: ::ffff:127.0.0.1 | K15: Apache-HttpClient/4.5.14 (Java/21.0.11) | L15: 46166.641
A16: cmpjxfrhz00thw2rw5g0vzkw5 | B16: =resultado_db_usuario_10[[#This Row],[metodo]]&" "&SUBSTITUTE(resultado_db_usuario_10[[#This Row],[rota]],"/api/v1","") -> DELETE /pecas/:id | C16: DELETE | D16: /api/v1/pecas/24 | E16: /api/v1/pecas/:id | F16: 204 | G16: 10.57 | H16: 46166.641 | I16: 46166.641 | J16: ::ffff:127.0.0.1 | K16: Apache-HttpClient/4.5.14 (Java/21.0.11) | L16: 46166.641
A17: cmpjxfrlc00ujw2rwadwk83zs | B17: =resultado_db_usuario_10[[#This Row],[metodo]]&" "&SUBSTITUTE(resultado_db_usuario_10[[#This Row],[rota]],"/api/v1","") -> DELETE /pecas/:id | C17: DELETE | D17: /api/v1/pecas/21 | E17: /api/v1/pecas/:id | F17: 204 | G17: 10.04 | H17: 46166.641 | I17: 46166.641 | J17: ::ffff:127.0.0.1 | K17: Apache-HttpClient/4.5.14 (Java/21.0.11) | L17: 46166.641
A18: cmpjxfrm800usw2rwpvikxy6i | B18: =resultado_db_usuario_10[[#This Row],[metodo]]&" "&SUBSTITUTE(resultado_db_usuario_10[[#This Row],[rota]],"/api/v1","") -> DELETE /pecas/:id | C18: DELETE | D18: /api/v1/pecas/22 | E18: /api/v1/pecas/:id | F18: 204 | G18: 12.12 | H18: 46166.641 | I18: 46166.641 | J18: ::ffff:127.0.0.1 | K18: Apache-HttpClient/4.5.14 (Java/21.0.11) | L18: 46166.641
A19: cmpjxfrms00v0w2rwd36hqp4m | B19: =resultado_db_usuario_10[[#This Row],[metodo]]&" "&SUBSTITUTE(resultado_db_usuario_10[[#This Row],[rota]],"/api/v1","") -> DELETE /pecas/:id | C19: DELETE | D19: /api/v1/pecas/23 | E19: /api/v1/pecas/:id | F19: 204 | G19: 11.03 | H19: 46166.641 | I19: 46166.641 | J19: ::ffff:127.0.0.1 | K19: Apache-HttpClient/4.5.14 (Java/21.0.11) | L19: 46166.641
A20: cmpjxfrni00v9w2rw7ef4vps2 | B20: =resultado_db_usuario_10[[#This Row],[metodo]]&" "&SUBSTITUTE(resultado_db_usuario_10[[#This Row],[rota]],"/api/v1","") -> DELETE /pecas/:id | C20: DELETE | D20: /api/v1/pecas/ID_NAO_ENCONTRADO | E20: /api/v1/pecas/:id | F20: 404 | G20: 11.35 | H20: 46166.641 | I20: 46166.641 | J20: ::ffff:127.0.0.1 | K20: Apache-HttpClient/4.5.14 (Java/21.0.11) | L20: 46166.641
A21: cmpjxfrnx00vdw2rw7mkdrh7k | B21: =resultado_db_usuario_10[[#This Row],[metodo]]&" "&SUBSTITUTE(resultado_db_usuario_10[[#This Row],[rota]],"/api/v1","") -> DELETE /pecas/:id | C21: DELETE | D21: /api/v1/pecas/24 | E21: /api/v1/pecas/:id | F21: 204 | G21: 19.22 | H21: 46166.641 | I21: 46166.641 | J21: ::ffff:127.0.0.1 | K21: Apache-HttpClient/4.5.14 (Java/21.0.11) | L21: 46166.641
A22: cmpjxfro500vgw2rw90u7gz0k | B22: =resultado_db_usuario_10[[#This Row],[metodo]]&" "&SUBSTITUTE(resultado_db_usuario_10[[#This Row],[rota]],"/api/v1","") -> DELETE /pecas/:id | C22: DELETE | D22: /api/v1/pecas/ID_NAO_ENCONTRADO | E22: /api/v1/pecas/:id | F22: 404 | G22: 10.86 | H22: 46166.641 | I22: 46166.641 | J22: ::ffff:127.0.0.1 | K22: Apache-HttpClient/4.5.14 (Java/21.0.11) | L22: 46166.641
A23: cmpjxfrow00vmw2rwx0s5dpdh | B23: =resultado_db_usuario_10[[#This Row],[metodo]]&" "&SUBSTITUTE(resultado_db_usuario_10[[#This Row],[rota]],"/api/v1","") -> DELETE /pecas/:id | C23: DELETE | D23: /api/v1/pecas/25 | E23: /api/v1/pecas/:id | F23: 204 | G23: 22.6 | H23: 46166.641 | I23: 46166.641 | J23: ::ffff:127.0.0.1 | K23: Apache-HttpClient/4.5.14 (Java/21.0.11) | L23: 46166.641
A24: cmpjxfrse00wrw2rw330ocl2i | B24: =resultado_db_usuario_10[[#This Row],[metodo]]&" "&SUBSTITUTE(resultado_db_usuario_10[[#This Row],[rota]],"/api/v1","") -> DELETE /pecas/:id | C24: DELETE | D24: /api/v1/pecas/21 | E24: /api/v1/pecas/:id | F24: 204 | G24: 12.49 | H24: 46166.641 | I24: 46166.641 | J24: ::ffff:127.0.0.1 | K24: Apache-HttpClient/4.5.14 (Java/21.0.11) | L24: 46166.641
A25: cmpjxfrt900x1w2rwa2o49pcs | B25: =resultado_db_usuario_10[[#This Row],[metodo]]&" "&SUBSTITUTE(resultado_db_usuario_10[[#This Row],[rota]],"/api/v1","") -> DELETE /pecas/:id | C25: DELETE | D25: /api/v1/pecas/22 | E25: /api/v1/pecas/:id | F25: 204 | G25: 12.45 | H25: 46166.641 | I25: 46166.641 | J25: ::ffff:127.0.0.1 | K25: Apache-HttpClient/4.5.14 (Java/21.0.11) | L25: 46166.641
A26: cmpjxfruc00xew2rw9yhq5fvk | B26: =resultado_db_usuario_10[[#This Row],[metodo]]&" "&SUBSTITUTE(resultado_db_usuario_10[[#This Row],[rota]],"/api/v1","") -> DELETE /pecas/:id | C26: DELETE | D26: /api/v1/pecas/23 | E26: /api/v1/pecas/:id | F26: 204 | G26: 16.72 | H26: 46166.641 | I26: 46166.641 | J26: ::ffff:127.0.0.1 | K26: Apache-HttpClient/4.5.14 (Java/21.0.11) | L26: 46166.641
A27: cmpjxfruy00xow2rwc3lesz2l | B27: =resultado_db_usuario_10[[#This Row],[metodo]]&" "&SUBSTITUTE(resultado_db_usuario_10[[#This Row],[rota]],"/api/v1","") -> DELETE /pecas/:id | C27: DELETE | D27: /api/v1/pecas/24 | E27: /api/v1/pecas/:id | F27: 204 | G27: 13.82 | H27: 46166.641 | I27: 46166.641 | J27: ::ffff:127.0.0.1 | K27: Apache-HttpClient/4.5.14 (Java/21.0.11) | L27: 46166.641
A28: cmpjxfrvk00xvw2rw24zdap9d | B28: =resultado_db_usuario_10[[#This Row],[metodo]]&" "&SUBSTITUTE(resultado_db_usuario_10[[#This Row],[rota]],"/api/v1","") -> DELETE /pecas/:id | C28: DELETE | D28: /api/v1/pecas/ID_NAO_ENCONTRADO | E28: /api/v1/pecas/:id | F28: 404 | G28: 10.74 | H28: 46166.641 | I28: 46166.641 | J28: ::ffff:127.0.0.1 | K28: Apache-HttpClient/4.5.14 (Java/21.0.11) | L28: 46166.641
A29: cmpjxfrvq00xww2rwqwoj7hw4 | B29: =resultado_db_usuario_10[[#This Row],[metodo]]&" "&SUBSTITUTE(resultado_db_usuario_10[[#This Row],[rota]],"/api/v1","") -> DELETE /pecas/:id | C29: DELETE | D29: /api/v1/pecas/ID_NAO_ENCONTRADO | E29: /api/v1/pecas/:id | F29: 404 | G29: 13.02 | H29: 46166.641 | I29: 46166.641 | J29: ::ffff:127.0.0.1 | K29: Apache-HttpClient/4.5.14 (Java/21.0.11) | L29: 46166.641
A30: cmpjxfrvs00xxw2rwn7ljfehr | B30: =resultado_db_usuario_10[[#This Row],[metodo]]&" "&SUBSTITUTE(resultado_db_usuario_10[[#This Row],[rota]],"/api/v1","") -> DELETE /pecas/:id | C30: DELETE | D30: /api/v1/pecas/ID_NAO_ENCONTRADO | E30: /api/v1/pecas/:id | F30: 404 | G30: 14.7 | H30: 46166.641 | I30: 46166.641 | J30: ::ffff:127.0.0.1 | K30: Apache-HttpClient/4.5.14 (Java/21.0.11) | L30: 46166.641
A31: cmpjxfrvu00xyw2rwyc3at5hu | B31: =resultado_db_usuario_10[[#This Row],[metodo]]&" "&SUBSTITUTE(resultado_db_usuario_10[[#This Row],[rota]],"/api/v1","") -> DELETE /pecas/:id | C31: DELETE | D31: /api/v1/pecas/25 | E31: /api/v1/pecas/:id | F31: 204 | G31: 15.18 | H31: 46166.641 | I31: 46166.641 | J31: ::ffff:127.0.0.1 | K31: Apache-HttpClient/4.5.14 (Java/21.0.11) | L31: 46166.641
A32: cmpjxfry100yiw2rw28wpbhhc | B32: =resultado_db_usuario_10[[#This Row],[metodo]]&" "&SUBSTITUTE(resultado_db_usuario_10[[#This Row],[rota]],"/api/v1","") -> DELETE /pecas/:id | C32: DELETE | D32: /api/v1/pecas/26 | E32: /api/v1/pecas/:id | F32: 204 | G32: 11.65 | H32: 46166.641 | I32: 46166.641 | J32: ::ffff:127.0.0.1 | K32: Apache-HttpClient/4.5.14 (Java/21.0.11) | L32: 46166.641
A33: cmpjxfryt00yvw2rwewtyn2rm | B33: =resultado_db_usuario_10[[#This Row],[metodo]]&" "&SUBSTITUTE(resultado_db_usuario_10[[#This Row],[rota]],"/api/v1","") -> DELETE /pecas/:id | C33: DELETE | D33: /api/v1/pecas/27 | E33: /api/v1/pecas/:id | F33: 204 | G33: 12.56 | H33: 46166.641 | I33: 46166.641 | J33: ::ffff:127.0.0.1 | K33: Apache-HttpClient/4.5.14 (Java/21.0.11) | L33: 46166.641
A34: cmpjxfs0p00zlw2rw06wj60wg | B34: =resultado_db_usuario_10[[#This Row],[metodo]]&" "&SUBSTITUTE(resultado_db_usuario_10[[#This Row],[rota]],"/api/v1","") -> DELETE /pecas/:id | C34: DELETE | D34: /api/v1/pecas/28 | E34: /api/v1/pecas/:id | F34: 204 | G34: 13.17 | H34: 46166.641 | I34: 46166.641 | J34: ::ffff:127.0.0.1 | K34: Apache-HttpClient/4.5.14 (Java/21.0.11) | L34: 46166.641
A35: cmpjxfs1h00zuw2rwjs5uqyv1 | B35: =resultado_db_usuario_10[[#This Row],[metodo]]&" "&SUBSTITUTE(resultado_db_usuario_10[[#This Row],[rota]],"/api/v1","") -> DELETE /pecas/:id | C35: DELETE | D35: /api/v1/pecas/29 | E35: /api/v1/pecas/:id | F35: 204 | G35: 15.61 | H35: 46166.641 | I35: 46166.641 | J35: ::ffff:127.0.0.1 | K35: Apache-HttpClient/4.5.14 (Java/21.0.11) | L35: 46166.641
A36: cmpjxfs2q010bw2rw0e76awk4 | B36: =resultado_db_usuario_10[[#This Row],[metodo]]&" "&SUBSTITUTE(resultado_db_usuario_10[[#This Row],[rota]],"/api/v1","") -> DELETE /pecas/:id | C36: DELETE | D36: /api/v1/pecas/30 | E36: /api/v1/pecas/:id | F36: 204 | G36: 12.83 | H36: 46166.641 | I36: 46166.641 | J36: ::ffff:127.0.0.1 | K36: Apache-HttpClient/4.5.14 (Java/21.0.11) | L36: 46166.641
A37: cmpjxfs33010hw2rwt84mu80b | B37: =resultado_db_usuario_10[[#This Row],[metodo]]&" "&SUBSTITUTE(resultado_db_usuario_10[[#This Row],[rota]],"/api/v1","") -> DELETE /pecas/:id | C37: DELETE | D37: /api/v1/pecas/31 | E37: /api/v1/pecas/:id | F37: 204 | G37: 9.22 | H37: 46166.641 | I37: 46166.641 | J37: ::ffff:127.0.0.1 | K37: Apache-HttpClient/4.5.14 (Java/21.0.11) | L37: 46166.641
A38: cmpjxfs3b010lw2rwt0oxezpz | B38: =resultado_db_usuario_10[[#This Row],[metodo]]&" "&SUBSTITUTE(resultado_db_usuario_10[[#This Row],[rota]],"/api/v1","") -> DELETE /pecas/:id | C38: DELETE | D38: /api/v1/pecas/ID_NAO_ENCONTRADO | E38: /api/v1/pecas/:id | F38: 404 | G38: 11.32 | H38: 46166.641 | I38: 46166.641 | J38: ::ffff:127.0.0.1 | K38: Apache-HttpClient/4.5.14 (Java/21.0.11) | L38: 46166.641
A39: cmpjxfs3e010mw2rwpx2ebomn | B39: =resultado_db_usuario_10[[#This Row],[metodo]]&" "&SUBSTITUTE(resultado_db_usuario_10[[#This Row],[rota]],"/api/v1","") -> DELETE /pecas/:id | C39: DELETE | D39: /api/v1/pecas/ID_NAO_ENCONTRADO | E39: /api/v1/pecas/:id | F39: 404 | G39: 11.72 | H39: 46166.641 | I39: 46166.641 | J39: ::ffff:127.0.0.1 | K39: Apache-HttpClient/4.5.14 (Java/21.0.11) | L39: 46166.641
A40: cmpjxfs3h010nw2rw9xnf62jq | B40: =resultado_db_usuario_10[[#This Row],[metodo]]&" "&SUBSTITUTE(resultado_db_usuario_10[[#This Row],[rota]],"/api/v1","") -> DELETE /pecas/:id | C40: DELETE | D40: /api/v1/pecas/ID_NAO_ENCONTRADO | E40: /api/v1/pecas/:id | F40: 404 | G40: 13.71 | H40: 46166.641 | I40: 46166.641 | J40: ::ffff:127.0.0.1 | K40: Apache-HttpClient/4.5.14 (Java/21.0.11) | L40: 46166.641
A41: cmpjxfs3u010qw2rwv960btmk | B41: =resultado_db_usuario_10[[#This Row],[metodo]]&" "&SUBSTITUTE(resultado_db_usuario_10[[#This Row],[rota]],"/api/v1","") -> DELETE /pecas/:id | C41: DELETE | D41: /api/v1/pecas/32 | E41: /api/v1/pecas/:id | F41: 204 | G41: 12.63 | H41: 46166.641 | I41: 46166.641 | J41: ::ffff:127.0.0.1 | K41: Apache-HttpClient/4.5.14 (Java/21.0.11) | L41: 46166.641
A42: cmpjxfs69011iw2rwn29ls271 | B42: =resultado_db_usuario_10[[#This Row],[metodo]]&" "&SUBSTITUTE(resultado_db_usuario_10[[#This Row],[rota]],"/api/v1","") -> DELETE /pecas/:id | C42: DELETE | D42: /api/v1/pecas/33 | E42: /api/v1/pecas/:id | F42: 204 | G42: 14.35 | H42: 46166.641 | I42: 46166.641 | J42: ::ffff:127.0.0.1 | K42: Apache-HttpClient/4.5.14 (Java/21.0.11) | L42: 46166.641
A43: cmpjxfs6n011ow2rw4lfqur6x | B43: =resultado_db_usuario_10[[#This Row],[metodo]]&" "&SUBSTITUTE(resultado_db_usuario_10[[#This Row],[rota]],"/api/v1","") -> DELETE /pecas/:id | C43: DELETE | D43: /api/v1/pecas/34 | E43: /api/v1/pecas/:id | F43: 204 | G43: 10.44 | H43: 46166.641 | I43: 46166.641 | J43: ::ffff:127.0.0.1 | K43: Apache-HttpClient/4.5.14 (Java/21.0.11) | L43: 46166.641
A44: cmpjxfs99012dw2rw5wn0ekij | B44: =resultado_db_usuario_10[[#This Row],[metodo]]&" "&SUBSTITUTE(resultado_db_usuario_10[[#This Row],[rota]],"/api/v1","") -> DELETE /pecas/:id | C44: DELETE | D44: /api/v1/pecas/35 | E44: /api/v1/pecas/:id | F44: 204 | G44: 15.09 | H44: 46166.641 | I44: 46166.641 | J44: ::ffff:127.0.0.1 | K44: Apache-HttpClient/4.5.14 (Java/21.0.11) | L44: 46166.641
A45: cmpjxfsa7012qw2rwxu26z7lp | B45: =resultado_db_usuario_10[[#This Row],[metodo]]&" "&SUBSTITUTE(resultado_db_usuario_10[[#This Row],[rota]],"/api/v1","") -> DELETE /pecas/:id | C45: DELETE | D45: /api/v1/pecas/36 | E45: /api/v1/pecas/:id | F45: 204 | G45: 13.83 | H45: 46166.641 | I45: 46166.641 | J45: ::ffff:127.0.0.1 | K45: Apache-HttpClient/4.5.14 (Java/21.0.11) | L45: 46166.641
A46: cmpjxfsbd0137w2rwcgr0cwwu | B46: =resultado_db_usuario_10[[#This Row],[metodo]]&" "&SUBSTITUTE(resultado_db_usuario_10[[#This Row],[rota]],"/api/v1","") -> DELETE /pecas/:id | C46: DELETE | D46: /api/v1/pecas/37 | E46: /api/v1/pecas/:id | F46: 204 | G46: 13.74 | H46: 46166.641 | I46: 46166.641 | J46: ::ffff:127.0.0.1 | K46: Apache-HttpClient/4.5.14 (Java/21.0.11) | L46: 46166.641
A47: cmpjxfsbg0138w2rw8ebi2r9z | B47: =resultado_db_usuario_10[[#This Row],[metodo]]&" "&SUBSTITUTE(resultado_db_usuario_10[[#This Row],[rota]],"/api/v1","") -> DELETE /pecas/:id | C47: DELETE | D47: /api/v1/pecas/ID_NAO_ENCONTRADO | E47: /api/v1/pecas/:id | F47: 404 | G47: 8.67 | H47: 46166.641 | I47: 46166.641 | J47: ::ffff:127.0.0.1 | K47: Apache-HttpClient/4.5.14 (Java/21.0.11) | L47: 46166.641
A48: cmpjxfsbi0139w2rwnvsshqn6 | B48: =resultado_db_usuario_10[[#This Row],[metodo]]&" "&SUBSTITUTE(resultado_db_usuario_10[[#This Row],[rota]],"/api/v1","") -> DELETE /pecas/:id | C48: DELETE | D48: /api/v1/pecas/ID_NAO_ENCONTRADO | E48: /api/v1/pecas/:id | F48: 404 | G48: 10.15 | H48: 46166.641 | I48: 46166.641 | J48: ::ffff:127.0.0.1 | K48: Apache-HttpClient/4.5.14 (Java/21.0.11) | L48: 46166.641
A49: cmpjxfsbl013aw2rwijkzh1gb | B49: =resultado_db_usuario_10[[#This Row],[metodo]]&" "&SUBSTITUTE(resultado_db_usuario_10[[#This Row],[rota]],"/api/v1","") -> DELETE /pecas/:id | C49: DELETE | D49: /api/v1/pecas/ID_NAO_ENCONTRADO | E49: /api/v1/pecas/:id | F49: 404 | G49: 11.46 | H49: 46166.641 | I49: 46166.641 | J49: ::ffff:127.0.0.1 | K49: Apache-HttpClient/4.5.14 (Java/21.0.11) | L49: 46166.641
A50: cmpjxfsbq013dw2rw1gcvk23w | B50: =resultado_db_usuario_10[[#This Row],[metodo]]&" "&SUBSTITUTE(resultado_db_usuario_10[[#This Row],[rota]],"/api/v1","") -> DELETE /pecas/:id | C50: DELETE | D50: /api/v1/pecas/38 | E50: /api/v1/pecas/:id | F50: 204 | G50: 6.99 | H50: 46166.641 | I50: 46166.641 | J50: ::ffff:127.0.0.1 | K50: Apache-HttpClient/4.5.14 (Java/21.0.11) | L50: 46166.641
A51: cmpjxfscf013jw2rwmwis61pc | B51: =resultado_db_usuario_10[[#This Row],[metodo]]&" "&SUBSTITUTE(resultado_db_usuario_10[[#This Row],[rota]],"/api/v1","") -> DELETE /pecas/:id | C51: DELETE | D51: /api/v1/pecas/39 | E51: /api/v1/pecas/:id | F51: 204 | G51: 18.08 | H51: 46166.641 | I51: 46166.641 | J51: ::ffff:127.0.0.1 | K51: Apache-HttpClient/4.5.14 (Java/21.0.11) | L51: 46166.641
A52: cmpjxfse70146w2rwkyjlo6jl | B52: =resultado_db_usuario_10[[#This Row],[metodo]]&" "&SUBSTITUTE(resultado_db_usuario_10[[#This Row],[rota]],"/api/v1","") -> DELETE /pecas/:id | C52: DELETE | D52: /api/v1/pecas/40 | E52: /api/v1/pecas/:id | F52: 204 | G52: 11.56 | H52: 46166.641 | I52: 46166.641 | J52: ::ffff:127.0.0.1 | K52: Apache-HttpClient/4.5.14 (Java/21.0.11) | L52: 46166.641
A53: cmpjxfseu014gw2rww0eeiugp | B53: =resultado_db_usuario_10[[#This Row],[metodo]]&" "&SUBSTITUTE(resultado_db_usuario_10[[#This Row],[rota]],"/api/v1","") -> DELETE /pecas/:id | C53: DELETE | D53: /api/v1/pecas/41 | E53: /api/v1/pecas/:id | F53: 204 | G53: 13.61 | H53: 46166.641 | I53: 46166.641 | J53: ::ffff:127.0.0.1 | K53: Apache-HttpClient/4.5.14 (Java/21.0.11) | L53: 46166.641
A54: cmpjxfsgi0154w2rwqrfry4uj | B54: =resultado_db_usuario_10[[#This Row],[metodo]]&" "&SUBSTITUTE(resultado_db_usuario_10[[#This Row],[rota]],"/api/v1","") -> DELETE /pecas/:id | C54: DELETE | D54: /api/v1/pecas/42 | E54: /api/v1/pecas/:id | F54: 204 | G54: 9.49 | H54: 46166.641 | I54: 46166.641 | J54: ::ffff:127.0.0.1 | K54: Apache-HttpClient/4.5.14 (Java/21.0.11) | L54: 46166.641
A55: cmpjxfshk015kw2rw1g3r7h82 | B55: =resultado_db_usuario_10[[#This Row],[metodo]]&" "&SUBSTITUTE(resultado_db_usuario_10[[#This Row],[rota]],"/api/v1","") -> DELETE /pecas/:id | C55: DELETE | D55: /api/v1/pecas/43 | E55: /api/v1/pecas/:id | F55: 204 | G55: 14.69 | H55: 46166.641 | I55: 46166.641 | J55: ::ffff:127.0.0.1 | K55: Apache-HttpClient/4.5.14 (Java/21.0.11) | L55: 46166.641
A56: cmpjxfsij015ww2rwmads6a3q | B56: =resultado_db_usuario_10[[#This Row],[metodo]]&" "&SUBSTITUTE(resultado_db_usuario_10[[#This Row],[rota]],"/api/v1","") -> DELETE /pecas/:id | C56: DELETE | D56: /api/v1/pecas/ID_NAO_ENCONTRADO | E56: /api/v1/pecas/:id | F56: 404 | G56: 11.77 | H56: 46166.641 | I56: 46166.641 | J56: ::ffff:127.0.0.1 | K56: Apache-HttpClient/4.5.14 (Java/21.0.11) | L56: 46166.641
A57: cmpjxfsiq0160w2rwiexv063u | B57: =resultado_db_usuario_10[[#This Row],[metodo]]&" "&SUBSTITUTE(resultado_db_usuario_10[[#This Row],[rota]],"/api/v1","") -> DELETE /pecas/:id | C57: DELETE | D57: /api/v1/pecas/ID_NAO_ENCONTRADO | E57: /api/v1/pecas/:id | F57: 404 | G57: 15.97 | H57: 46166.641 | I57: 46166.641 | J57: ::ffff:127.0.0.1 | K57: Apache-HttpClient/4.5.14 (Java/21.0.11) | L57: 46166.641
A58: cmpjxfsiv0161w2rw4eg9nngi | B58: =resultado_db_usuario_10[[#This Row],[metodo]]&" "&SUBSTITUTE(resultado_db_usuario_10[[#This Row],[rota]],"/api/v1","") -> DELETE /pecas/:id | C58: DELETE | D58: /api/v1/pecas/ID_NAO_ENCONTRADO | E58: /api/v1/pecas/:id | F58: 404 | G58: 19.63 | H58: 46166.641 | I58: 46166.641 | J58: ::ffff:127.0.0.1 | K58: Apache-HttpClient/4.5.14 (Java/21.0.11) | L58: 46166.641
A59: cmpjxfsiw0162w2rwd9mlmpjv | B59: =resultado_db_usuario_10[[#This Row],[metodo]]&" "&SUBSTITUTE(resultado_db_usuario_10[[#This Row],[rota]],"/api/v1","") -> DELETE /pecas/:id | C59: DELETE | D59: /api/v1/pecas/ID_NAO_ENCONTRADO | E59: /api/v1/pecas/:id | F59: 404 | G59: 20.88 | H59: 46166.641 | I59: 46166.641 | J59: ::ffff:127.0.0.1 | K59: Apache-HttpClient/4.5.14 (Java/21.0.11) | L59: 46166.641
A60: cmpjxfsj00163w2rwo63uc0rh | B60: =resultado_db_usuario_10[[#This Row],[metodo]]&" "&SUBSTITUTE(resultado_db_usuario_10[[#This Row],[rota]],"/api/v1","") -> DELETE /pecas/:id | C60: DELETE | D60: /api/v1/pecas/44 | E60: /api/v1/pecas/:id | F60: 204 | G60: 18.4 | H60: 46166.641 | I60: 46166.641 | J60: ::ffff:127.0.0.1 | K60: Apache-HttpClient/4.5.14 (Java/21.0.11) | L60: 46166.641
A61: cmpjxfskb016fw2rwv2cjfkez | B61: =resultado_db_usuario_10[[#This Row],[metodo]]&" "&SUBSTITUTE(resultado_db_usuario_10[[#This Row],[rota]],"/api/v1","") -> DELETE /pecas/:id | C61: DELETE | D61: /api/v1/pecas/45 | E61: /api/v1/pecas/:id | F61: 204 | G61: 21.69 | H61: 46166.641 | I61: 46166.641 | J61: ::ffff:127.0.0.1 | K61: Apache-HttpClient/4.5.14 (Java/21.0.11) | L61: 46166.641
A62: cmpjxfslm016yw2rwe52zz0cl | B62: =resultado_db_usuario_10[[#This Row],[metodo]]&" "&SUBSTITUTE(resultado_db_usuario_10[[#This Row],[rota]],"/api/v1","") -> DELETE /pecas/:id | C62: DELETE | D62: /api/v1/pecas/46 | E62: /api/v1/pecas/:id | F62: 204 | G62: 9.14 | H62: 46166.641 | I62: 46166.641 | J62: ::ffff:127.0.0.1 | K62: Apache-HttpClient/4.5.14 (Java/21.0.11) | L62: 46166.641
A63: cmpjxfsm80177w2rwpyari8au | B63: =resultado_db_usuario_10[[#This Row],[metodo]]&" "&SUBSTITUTE(resultado_db_usuario_10[[#This Row],[rota]],"/api/v1","") -> DELETE /pecas/:id | C63: DELETE | D63: /api/v1/pecas/47 | E63: /api/v1/pecas/:id | F63: 204 | G63: 11.77 | H63: 46166.641 | I63: 46166.641 | J63: ::ffff:127.0.0.1 | K63: Apache-HttpClient/4.5.14 (Java/21.0.11) | L63: 46166.641
A64: cmpjxfsnw017tw2rw668luim3 | B64: =resultado_db_usuario_10[[#This Row],[metodo]]&" "&SUBSTITUTE(resultado_db_usuario_10[[#This Row],[rota]],"/api/v1","") -> DELETE /pecas/:id | C64: DELETE | D64: /api/v1/pecas/48 | E64: /api/v1/pecas/:id | F64: 204 | G64: 14.1 | H64: 46166.641 | I64: 46166.641 | J64: ::ffff:127.0.0.1 | K64: Apache-HttpClient/4.5.14 (Java/21.0.11) | L64: 46166.641
A65: cmpjxfsox0188w2rw9o6nzn4s | B65: =resultado_db_usuario_10[[#This Row],[metodo]]&" "&SUBSTITUTE(resultado_db_usuario_10[[#This Row],[rota]],"/api/v1","") -> DELETE /pecas/:id | C65: DELETE | D65: /api/v1/pecas/49 | E65: /api/v1/pecas/:id | F65: 204 | G65: 13.66 | H65: 46166.641 | I65: 46166.641 | J65: ::ffff:127.0.0.1 | K65: Apache-HttpClient/4.5.14 (Java/21.0.11) | L65: 46166.641
A66: cmpjxfspb018ew2rwst8oz6ag | B66: =resultado_db_usuario_10[[#This Row],[metodo]]&" "&SUBSTITUTE(resultado_db_usuario_10[[#This Row],[rota]],"/api/v1","") -> DELETE /pecas/:id | C66: DELETE | D66: /api/v1/pecas/ID_NAO_ENCONTRADO | E66: /api/v1/pecas/:id | F66: 404 | G66: 11.29 | H66: 46166.641 | I66: 46166.641 | J66: ::ffff:127.0.0.1 | K66: Apache-HttpClient/4.5.14 (Java/21.0.11) | L66: 46166.641
A67: cmpjxfspf018fw2rwxuu1yoa6 | B67: =resultado_db_usuario_10[[#This Row],[metodo]]&" "&SUBSTITUTE(resultado_db_usuario_10[[#This Row],[rota]],"/api/v1","") -> DELETE /pecas/:id | C67: DELETE | D67: /api/v1/pecas/ID_NAO_ENCONTRADO | E67: /api/v1/pecas/:id | F67: 404 | G67: 11.43 | H67: 46166.641 | I67: 46166.641 | J67: ::ffff:127.0.0.1 | K67: Apache-HttpClient/4.5.14 (Java/21.0.11) | L67: 46166.641
A68: cmpjxfspk018gw2rwkhviuorx | B68: =resultado_db_usuario_10[[#This Row],[metodo]]&" "&SUBSTITUTE(resultado_db_usuario_10[[#This Row],[rota]],"/api/v1","") -> DELETE /pecas/:id | C68: DELETE | D68: /api/v1/pecas/ID_NAO_ENCONTRADO | E68: /api/v1/pecas/:id | F68: 404 | G68: 14.04 | H68: 46166.641 | I68: 46166.641 | J68: ::ffff:127.0.0.1 | K68: Apache-HttpClient/4.5.14 (Java/21.0.11) | L68: 46166.641
A69: cmpjxfspt018jw2rwlb3xguk3 | B69: =resultado_db_usuario_10[[#This Row],[metodo]]&" "&SUBSTITUTE(resultado_db_usuario_10[[#This Row],[rota]],"/api/v1","") -> DELETE /pecas/:id | C69: DELETE | D69: /api/v1/pecas/50 | E69: /api/v1/pecas/:id | F69: 204 | G69: 11.05 | H69: 46166.641 | I69: 46166.641 | J69: ::ffff:127.0.0.1 | K69: Apache-HttpClient/4.5.14 (Java/21.0.11) | L69: 46166.641
A70: cmpjxfsr4018xw2rw246v16jx | B70: =resultado_db_usuario_10[[#This Row],[metodo]]&" "&SUBSTITUTE(resultado_db_usuario_10[[#This Row],[rota]],"/api/v1","") -> DELETE /pecas/:id | C70: DELETE | D70: /api/v1/pecas/51 | E70: /api/v1/pecas/:id | F70: 204 | G70: 16.09 | H70: 46166.641 | I70: 46166.641 | J70: ::ffff:127.0.0.1 | K70: Apache-HttpClient/4.5.14 (Java/21.0.11) | L70: 46166.641
A71: cmpjxfss3019bw2rwhg3ia6pr | B71: =resultado_db_usuario_10[[#This Row],[metodo]]&" "&SUBSTITUTE(resultado_db_usuario_10[[#This Row],[rota]],"/api/v1","") -> DELETE /pecas/:id | C71: DELETE | D71: /api/v1/pecas/52 | E71: /api/v1/pecas/:id | F71: 204 | G71: 14.18 | H71: 46166.641 | I71: 46166.641 | J71: ::ffff:127.0.0.1 | K71: Apache-HttpClient/4.5.14 (Java/21.0.11) | L71: 46166.641
A72: cmpjxfssz019ow2rwqhq3l0ix | B72: =resultado_db_usuario_10[[#This Row],[metodo]]&" "&SUBSTITUTE(resultado_db_usuario_10[[#This Row],[rota]],"/api/v1","") -> DELETE /pecas/:id | C72: DELETE | D72: /api/v1/pecas/53 | E72: /api/v1/pecas/:id | F72: 204 | G72: 12.43 | H72: 46166.641 | I72: 46166.641 | J72: ::ffff:127.0.0.1 | K72: Apache-HttpClient/4.5.14 (Java/21.0.11) | L72: 46166.641
A73: cmpjxfsua01a7w2rwfymki3gv | B73: =resultado_db_usuario_10[[#This Row],[metodo]]&" "&SUBSTITUTE(resultado_db_usuario_10[[#This Row],[rota]],"/api/v1","") -> DELETE /pecas/:id | C73: DELETE | D73: /api/v1/pecas/54 | E73: /api/v1/pecas/:id | F73: 204 | G73: 11.95 | H73: 46166.641 | I73: 46166.641 | J73: ::ffff:127.0.0.1 | K73: Apache-HttpClient/4.5.14 (Java/21.0.11) | L73: 46166.641
A74: cmpjxfsus01adw2rw178smbh4 | B74: =resultado_db_usuario_10[[#This Row],[metodo]]&" "&SUBSTITUTE(resultado_db_usuario_10[[#This Row],[rota]],"/api/v1","") -> DELETE /pecas/:id | C74: DELETE | D74: /api/v1/pecas/ID_NAO_ENCONTRADO | E74: /api/v1/pecas/:id | F74: 404 | G74: 8.52 | H74: 46166.641 | I74: 46166.641 | J74: ::ffff:127.0.0.1 | K74: Apache-HttpClient/4.5.14 (Java/21.0.11) | L74: 46166.641
A75: cmpjxfsv701akw2rwo6b6ctnl | B75: =resultado_db_usuario_10[[#This Row],[metodo]]&" "&SUBSTITUTE(resultado_db_usuario_10[[#This Row],[rota]],"/api/v1","") -> DELETE /pecas/:id | C75: DELETE | D75: /api/v1/pecas/55 | E75: /api/v1/pecas/:id | F75: 204 | G75: 13.07 | H75: 46166.641 | I75: 46166.641 | J75: ::ffff:127.0.0.1 | K75: Apache-HttpClient/4.5.14 (Java/21.0.11) | L75: 46166.641
A76: cmpjxfsvl01aow2rw24qv7i98 | B76: =resultado_db_usuario_10[[#This Row],[metodo]]&" "&SUBSTITUTE(resultado_db_usuario_10[[#This Row],[rota]],"/api/v1","") -> DELETE /pecas/:id | C76: DELETE | D76: /api/v1/pecas/ID_NAO_ENCONTRADO | E76: /api/v1/pecas/:id | F76: 404 | G76: 9.21 | H76: 46166.641 | I76: 46166.641 | J76: ::ffff:127.0.0.1 | K76: Apache-HttpClient/4.5.14 (Java/21.0.11) | L76: 46166.641
A77: cmpjxfsvz01arw2rw7slgr0fw | B77: =resultado_db_usuario_10[[#This Row],[metodo]]&" "&SUBSTITUTE(resultado_db_usuario_10[[#This Row],[rota]],"/api/v1","") -> DELETE /pecas/:id | C77: DELETE | D77: /api/v1/pecas/56 | E77: /api/v1/pecas/:id | F77: 204 | G77: 10.3 | H77: 46166.641 | I77: 46166.641 | J77: ::ffff:127.0.0.1 | K77: Apache-HttpClient/4.5.14 (Java/21.0.11) | L77: 46166.641
A78: cmpjxfsx601b4w2rwpsryao0k | B78: =resultado_db_usuario_10[[#This Row],[metodo]]&" "&SUBSTITUTE(resultado_db_usuario_10[[#This Row],[rota]],"/api/v1","") -> DELETE /pecas/:id | C78: DELETE | D78: /api/v1/pecas/57 | E78: /api/v1/pecas/:id | F78: 204 | G78: 12.45 | H78: 46166.641 | I78: 46166.641 | J78: ::ffff:127.0.0.1 | K78: Apache-HttpClient/4.5.14 (Java/21.0.11) | L78: 46166.641
A79: cmpjxfsy901bjw2rwkl1ray9h | B79: =resultado_db_usuario_10[[#This Row],[metodo]]&" "&SUBSTITUTE(resultado_db_usuario_10[[#This Row],[rota]],"/api/v1","") -> DELETE /pecas/:id | C79: DELETE | D79: /api/v1/pecas/58 | E79: /api/v1/pecas/:id | F79: 204 | G79: 9.09 | H79: 46166.641 | I79: 46166.641 | J79: ::ffff:127.0.0.1 | K79: Apache-HttpClient/4.5.14 (Java/21.0.11) | L79: 46166.641
A80: cmpjxfsz301bww2rwc9yfckrk | B80: =resultado_db_usuario_10[[#This Row],[metodo]]&" "&SUBSTITUTE(resultado_db_usuario_10[[#This Row],[rota]],"/api/v1","") -> DELETE /pecas/:id | C80: DELETE | D80: /api/v1/pecas/59 | E80: /api/v1/pecas/:id | F80: 204 | G80: 6.57 | H80: 46166.641 | I80: 46166.641 | J80: ::ffff:127.0.0.1 | K80: Apache-HttpClient/4.5.14 (Java/21.0.11) | L80: 46166.641
A81: cmpjxft0b01cdw2rwbbbud27i | B81: =resultado_db_usuario_10[[#This Row],[metodo]]&" "&SUBSTITUTE(resultado_db_usuario_10[[#This Row],[rota]],"/api/v1","") -> DELETE /pecas/:id | C81: DELETE | D81: /api/v1/pecas/60 | E81: /api/v1/pecas/:id | F81: 204 | G81: 10.68 | H81: 46166.641 | I81: 46166.641 | J81: ::ffff:127.0.0.1 | K81: Apache-HttpClient/4.5.14 (Java/21.0.11) | L81: 46166.641
A82: cmpjxft0m01chw2rwjwpker0v | B82: =resultado_db_usuario_10[[#This Row],[metodo]]&" "&SUBSTITUTE(resultado_db_usuario_10[[#This Row],[rota]],"/api/v1","") -> DELETE /pecas/:id | C82: DELETE | D82: /api/v1/pecas/61 | E82: /api/v1/pecas/:id | F82: 204 | G82: 8.09 | H82: 46166.641 | I82: 46166.641 | J82: ::ffff:127.0.0.1 | K82: Apache-HttpClient/4.5.14 (Java/21.0.11) | L82: 46166.641
A83: cmpjxft0q01cjw2rw13emsxjq | B83: =resultado_db_usuario_10[[#This Row],[metodo]]&" "&SUBSTITUTE(resultado_db_usuario_10[[#This Row],[rota]],"/api/v1","") -> DELETE /pecas/:id | C83: DELETE | D83: /api/v1/pecas/ID_NAO_ENCONTRADO | E83: /api/v1/pecas/:id | F83: 404 | G83: 7.54 | H83: 46166.641 | I83: 46166.641 | J83: ::ffff:127.0.0.1 | K83: Apache-HttpClient/4.5.14 (Java/21.0.11) | L83: 46166.641
A84: cmpjxft1401cnw2rw6xfpj72u | B84: =resultado_db_usuario_10[[#This Row],[metodo]]&" "&SUBSTITUTE(resultado_db_usuario_10[[#This Row],[rota]],"/api/v1","") -> DELETE /pecas/:id | C84: DELETE | D84: /api/v1/pecas/62 | E84: /api/v1/pecas/:id | F84: 204 | G84: 12.53 | H84: 46166.641 | I84: 46166.641 | J84: ::ffff:127.0.0.1 | K84: Apache-HttpClient/4.5.14 (Java/21.0.11) | L84: 46166.641
A85: cmpjxft1w01cuw2rwawzmd9fj | B85: =resultado_db_usuario_10[[#This Row],[metodo]]&" "&SUBSTITUTE(resultado_db_usuario_10[[#This Row],[rota]],"/api/v1","") -> DELETE /pecas/:id | C85: DELETE | D85: /api/v1/pecas/63 | E85: /api/v1/pecas/:id | F85: 204 | G85: 8.72 | H85: 46166.641 | I85: 46166.641 | J85: ::ffff:127.0.0.1 | K85: Apache-HttpClient/4.5.14 (Java/21.0.11) | L85: 46166.641
A86: cmpjxft2m01d5w2rwdboefebt | B86: =resultado_db_usuario_10[[#This Row],[metodo]]&" "&SUBSTITUTE(resultado_db_usuario_10[[#This Row],[rota]],"/api/v1","") -> DELETE /pecas/:id | C86: DELETE | D86: /api/v1/pecas/64 | E86: /api/v1/pecas/:id | F86: 204 | G86: 8.65 | H86: 46166.641 | I86: 46166.641 | J86: ::ffff:127.0.0.1 | K86: Apache-HttpClient/4.5.14 (Java/21.0.11) | L86: 46166.641
A87: cmpjxft4f01dsw2rwjxca5mpm | B87: =resultado_db_usuario_10[[#This Row],[metodo]]&" "&SUBSTITUTE(resultado_db_usuario_10[[#This Row],[rota]],"/api/v1","") -> DELETE /pecas/:id | C87: DELETE | D87: /api/v1/pecas/65 | E87: /api/v1/pecas/:id | F87: 204 | G87: 7.06 | H87: 46166.641 | I87: 46166.641 | J87: ::ffff:127.0.0.1 | K87: Apache-HttpClient/4.5.14 (Java/21.0.11) | L87: 46166.641
A88: cmpjxft4v01dyw2rwwvxvduaa | B88: =resultado_db_usuario_10[[#This Row],[metodo]]&" "&SUBSTITUTE(resultado_db_usuario_10[[#This Row],[rota]],"/api/v1","") -> DELETE /pecas/:id | C88: DELETE | D88: /api/v1/pecas/ID_NAO_ENCONTRADO | E88: /api/v1/pecas/:id | F88: 404 | G88: 9.47 | H88: 46166.641 | I88: 46166.641 | J88: ::ffff:127.0.0.1 | K88: Apache-HttpClient/4.5.14 (Java/21.0.11) | L88: 46166.641
A89: cmpjxft5g01e6w2rwxk0ysp30 | B89: =resultado_db_usuario_10[[#This Row],[metodo]]&" "&SUBSTITUTE(resultado_db_usuario_10[[#This Row],[rota]],"/api/v1","") -> DELETE /pecas/:id | C89: DELETE | D89: /api/v1/pecas/66 | E89: /api/v1/pecas/:id | F89: 204 | G89: 6.2 | H89: 46166.641 | I89: 46166.641 | J89: ::ffff:127.0.0.1 | K89: Apache-HttpClient/4.5.14 (Java/21.0.11) | L89: 46166.641
A90: cmpjxft5o01e9w2rwr4lb2byw | B90: =resultado_db_usuario_10[[#This Row],[metodo]]&" "&SUBSTITUTE(resultado_db_usuario_10[[#This Row],[rota]],"/api/v1","") -> DELETE /pecas/:id | C90: DELETE | D90: /api/v1/pecas/ID_NAO_ENCONTRADO | E90: /api/v1/pecas/:id | F90: 404 | G90: 5.88 | H90: 46166.641 | I90: 46166.641 | J90: ::ffff:127.0.0.1 | K90: Apache-HttpClient/4.5.14 (Java/21.0.11) | L90: 46166.641
A91: cmpjxft6401edw2rw3ioxuvd8 | B91: =resultado_db_usuario_10[[#This Row],[metodo]]&" "&SUBSTITUTE(resultado_db_usuario_10[[#This Row],[rota]],"/api/v1","") -> DELETE /pecas/:id | C91: DELETE | D91: /api/v1/pecas/67 | E91: /api/v1/pecas/:id | F91: 204 | G91: 9.9 | H91: 46166.641 | I91: 46166.641 | J91: ::ffff:127.0.0.1 | K91: Apache-HttpClient/4.5.14 (Java/21.0.11) | L91: 46166.641
A92: cmpjxft7401eqw2rwfm6om57o | B92: =resultado_db_usuario_10[[#This Row],[metodo]]&" "&SUBSTITUTE(resultado_db_usuario_10[[#This Row],[rota]],"/api/v1","") -> DELETE /pecas/:id | C92: DELETE | D92: /api/v1/pecas/68 | E92: /api/v1/pecas/:id | F92: 204 | G92: 8.84 | H92: 46166.641 | I92: 46166.641 | J92: ::ffff:127.0.0.1 | K92: Apache-HttpClient/4.5.14 (Java/21.0.11) | L92: 46166.641
A93: cmpjxft8h01f8w2rw3rxbnk8b | B93: =resultado_db_usuario_10[[#This Row],[metodo]]&" "&SUBSTITUTE(resultado_db_usuario_10[[#This Row],[rota]],"/api/v1","") -> DELETE /pecas/:id | C93: DELETE | D93: /api/v1/pecas/69 | E93: /api/v1/pecas/:id | F93: 204 | G93: 7.26 | H93: 46166.641 | I93: 46166.641 | J93: ::ffff:127.0.0.1 | K93: Apache-HttpClient/4.5.14 (Java/21.0.11) | L93: 46166.641
A94: cmpjxft9801fiw2rwj7sn3ytx | B94: =resultado_db_usuario_10[[#This Row],[metodo]]&" "&SUBSTITUTE(resultado_db_usuario_10[[#This Row],[rota]],"/api/v1","") -> DELETE /pecas/:id | C94: DELETE | D94: /api/v1/pecas/ID_NAO_ENCONTRADO | E94: /api/v1/pecas/:id | F94: 404 | G94: 5.15 | H94: 46166.641 | I94: 46166.641 | J94: ::ffff:127.0.0.1 | K94: Apache-HttpClient/4.5.14 (Java/21.0.11) | L94: 46166.641
A95: cmpjxft9i01fnw2rwy0dyzpp9 | B95: =resultado_db_usuario_10[[#This Row],[metodo]]&" "&SUBSTITUTE(resultado_db_usuario_10[[#This Row],[rota]],"/api/v1","") -> DELETE /pecas/:id | C95: DELETE | D95: /api/v1/pecas/70 | E95: /api/v1/pecas/:id | F95: 204 | G95: 5.31 | H95: 46166.641 | I95: 46166.641 | J95: ::ffff:127.0.0.1 | K95: Apache-HttpClient/4.5.14 (Java/21.0.11) | L95: 46166.641
A96: cmpjxft9w01fqw2rwu1iy3f5l | B96: =resultado_db_usuario_10[[#This Row],[metodo]]&" "&SUBSTITUTE(resultado_db_usuario_10[[#This Row],[rota]],"/api/v1","") -> DELETE /pecas/:id | C96: DELETE | D96: /api/v1/pecas/71 | E96: /api/v1/pecas/:id | F96: 204 | G96: 11.96 | H96: 46166.641 | I96: 46166.641 | J96: ::ffff:127.0.0.1 | K96: Apache-HttpClient/4.5.14 (Java/21.0.11) | L96: 46166.641
A97: cmpjxftak01g0w2rwmdbq9e6p | B97: =resultado_db_usuario_10[[#This Row],[metodo]]&" "&SUBSTITUTE(resultado_db_usuario_10[[#This Row],[rota]],"/api/v1","") -> DELETE /pecas/:id | C97: DELETE | D97: /api/v1/pecas/72 | E97: /api/v1/pecas/:id | F97: 204 | G97: 5.52 | H97: 46166.641 | I97: 46166.641 | J97: ::ffff:127.0.0.1 | K97: Apache-HttpClient/4.5.14 (Java/21.0.11) | L97: 46166.641
A98: cmpjxftba01g9w2rw6rew76v3 | B98: =resultado_db_usuario_10[[#This Row],[metodo]]&" "&SUBSTITUTE(resultado_db_usuario_10[[#This Row],[rota]],"/api/v1","") -> DELETE /pecas/:id | C98: DELETE | D98: /api/v1/pecas/73 | E98: /api/v1/pecas/:id | F98: 204 | G98: 5.35 | H98: 46166.641 | I98: 46166.641 | J98: ::ffff:127.0.0.1 | K98: Apache-HttpClient/4.5.14 (Java/21.0.11) | L98: 46166.641
A99: cmpjxftbw01ghw2rwqrfb92mg | B99: =resultado_db_usuario_10[[#This Row],[metodo]]&" "&SUBSTITUTE(resultado_db_usuario_10[[#This Row],[rota]],"/api/v1","") -> DELETE /pecas/:id | C99: DELETE | D99: /api/v1/pecas/74 | E99: /api/v1/pecas/:id | F99: 204 | G99: 5.38 | H99: 46166.641 | I99: 46166.641 | J99: ::ffff:127.0.0.1 | K99: Apache-HttpClient/4.5.14 (Java/21.0.11) | L99: 46166.641
A100: cmpjxftcn01gpw2rwenoeppuz | B100: =resultado_db_usuario_10[[#This Row],[metodo]]&" "&SUBSTITUTE(resultado_db_usuario_10[[#This Row],[rota]],"/api/v1","") -> DELETE /pecas/:id | C100: DELETE | D100: /api/v1/pecas/21 | E100: /api/v1/pecas/:id | F100: 204 | G100: 3.03 | H100: 46166.641 | I100: 46166.641 | J100: ::ffff:127.0.0.1 | K100: Apache-HttpClient/4.5.14 (Java/21.0.11) | L100: 46166.641
...

Sheet Resumo-DB
B2: Usuários: 1 | H2: Usuários: 5 | N2: Usuários: 10
B4: Requisição | C4: Quantidade de Amostras (n) | D4: Média de Duração (ms) | E4: Mín. de Duração (ms) | F4: Máx. de Duração (ms) | H4: Requisição | I4: Quantidade de Amostras (n) | J4: Média de Duração (ms) | K4: Mín. de Duração (ms) | L4: Máx. de Duração (ms) | N4: Rótulos de Linha | O4: Contagem de duracaoMs | P4: Média de duracaoMs2 | Q4: Mín. de duracaoMs2 | R4: Máx. de duracaoMs2
B5: DELETE /pecas/:id | C5: 10 | D5: 6.283 | E5: 5.43 | F5: 7.46 | H5: DELETE /pecas/:id | I5: 50 | J5: 11.177347 | K5: 4.73 | L5: 26.4 | N5: DELETE /pecas/:id | O5: 100 | P5: 11.298889 | Q5: 3.03 | R5: 22.6
B6: GET /aeronaves/ | C6: 10 | D6: 16.419 | E6: 13.69 | F6: 24.57 | H6: GET /aeronaves/ | I6: 50 | J6: 29.008776 | K6: 14.3 | L6: 68.8 | N6: GET /aeronaves/ | O6: 100 | P6: 24.023878 | Q6: 8.58 | R6: 49.95
B7: GET /etapas/ | C7: 10 | D7: 6.852 | E7: 5.31 | F7: 10.18 | H7: GET /etapas/ | I7: 50 | J7: 12.0896 | K7: 5.32 | L7: 27.8 | N7: GET /etapas/ | O7: 100 | P7: 10.6932 | Q7: 3.54 | R7: 23.96
B8: GET /funcionarios/ | C8: 10 | D8: 3.653 | E8: 3.07 | F8: 4.4 | H8: GET /funcionarios/ | I8: 50 | J8: 8.3804 | K8: 2.81 | L8: 21.38 | N8: GET /funcionarios/ | O8: 100 | P8: 8.4299 | Q8: 2.21 | R8: 22.66
B9: GET /pecas/ | C9: 10 | D9: 4.36 | E9: 3.35 | F9: 5.56 | H9: GET /pecas/ | I9: 50 | J9: 8.9308 | K9: 3.22 | L9: 23.63 | N9: GET /pecas/ | O9: 100 | P9: 8.9392929 | Q9: 2.58 | R9: 20.04
B10: GET /pecas/:id | C10: 10 | D10: 2.703 | E10: 2.14 | F10: 3.55 | H10: GET /pecas/:id | I10: 50 | J10: 7.0683673 | K10: 2.71 | L10: 17.11 | N10: GET /pecas/:id | O10: 100 | P10: 8.2624658 | Q10: 1.75 | R10: 19.86
B11: GET /relatorios/ | C11: 10 | D11: 4.666 | E11: 3.53 | F11: 5.28 | H11: GET /relatorios/ | I11: 50 | J11: 8.217 | K11: 3.12 | L11: 25.96 | N11: GET /relatorios/ | O11: 100 | P11: 9.979798 | Q11: 2.33 | R11: 32.97
B12: GET /testes/ | C12: 10 | D12: 3.753 | E12: 2.72 | F12: 4.48 | H12: GET /testes/ | I12: 50 | J12: 7.3926 | K12: 3.48 | L12: 35.07 | N12: GET /testes/ | O12: 100 | P12: 9.069596 | Q12: 1.96 | R12: 25.09
B13: PATCH /pecas/:id | C13: 10 | D13: 10.416 | E13: 8.37 | F13: 12.61 | H13: PATCH /pecas/:id | I13: 50 | J13: 15.658776 | K13: 3.15 | L13: 49.08 | N13: PATCH /pecas/:id | O13: 100 | P13: 21.091528 | Q13: 5.46 | R13: 43.58
B14: POST /pecas/ | C14: 10 | D14: 11.621 | E14: 9.18 | F14: 18.97 | H14: POST /pecas/ | I14: 50 | J14: 21.053673 | K14: 8.49 | L14: 37.49 | N14: POST /pecas/ | O14: 100 | P14: 25.583434 | Q14: 7.5 | R14: 47.6
B15: Total Geral | C15: 100 | D15: 7.1 | E15: 2.14 | F15: 24.57 | H15: Total Geral | I15: 500 | J15: 12.858384 | K15: 2.71 | L15: 68.8 | N15: Total Geral | O15: 1000 | P15: 13.727289 | Q15: 1.75 | R15: 49.95

Sheet Resumo-JMeter
B2: Usuários: 1 | Q2: Usuários: 5 | AF2: Usuários: 10
B4: Requests | C4: Executions | F4: Response Times (ms) | M4: Throughput | N4: Network (KB/sec) | Q4: Requests | R4: Executions | U4: Response Times (ms) | AB4: Throughput | AC4: Network (KB/sec) | AF4: Requests | AG4: Executions | AJ4: Response Times (ms) | AQ4: Throughput | AR4: Network (KB/sec)
B5: Label | C5: #Samples | D5: FAIL | E5: Error % | F5: Average | G5: Min | H5: Max | I5: Median | J5: 90th pct | K5: 95th pct | L5: 99th pct | M5: Transactions/s | N5: Received | O5: Sent | Q5: Label | R5: #Samples | S5: FAIL | T5: Error % | U5: Average | V5: Min | W5: Max | X5: Median | Y5: 90th pct | Z5: 95th pct | AA5: 99th pct | AB5: Transactions/s | AC5: Received | AD5: Sent | AF5: Label | AG5: #Samples | AH5: FAIL | AI5: Error % | AJ5: Average | AK5: Min | AL5: Max | AM5: Median | AN5: 90th pct | AO5: 95th pct | AP5: 99th pct | AQ5: Transactions/s | AR5: Received | AS5: Sent
B6: Total | C6: 100 | D6: 0 | E6: 0 | F6: 8.49 | G6: 3 | H6: 26 | I6: 7 | J6: 14.9 | K6: 18 | L6: 25.95 | M6: 112.49 | N6: 412.76 | O6: 22.35 | Q6: Total | R6: 500 | S6: 40 | T6: 0.08 | U6: 19.94 | V6: 3 | W6: 71 | X6: 17 | Y6: 34 | Z6: 42 | AA6: 54.99 | AB6: 185.32 | AC6: 683.8 | AD6: 37.04 | AF6: Total | AG6: 1000 | AH6: 108 | AI6: 0.108 | AJ6: 21.69 | AK6: 2 | AL6: 66 | AM6: 20 | AN6: 37 | AO6: 43 | AP6: 55 | AQ6: 332.23 | AR6: 1232.46 | AS6: 66.53
B7: DELETE /pecas/{id} | C7: 10 | D7: 0 | E7: 0 | F7: 7.9 | G7: 7 | H7: 11 | I7: 7.5 | J7: 10.8 | K7: 11 | L7: 11 | M7: 12.53 | N7: 2.03 | O7: 2.28 | Q7: DELETE /pecas/{id} | R7: 50 | S7: 10 | T7: 0.2 | U7: 18.14 | V7: 7 | W7: 42 | X7: 16.5 | Y7: 28.9 | Z7: 33 | AA7: 42 | AB7: 19.31 | AC7: 3.66 | AD7: 3.56 | AF7: DELETE /pecas/{id} | AG7: 100 | AH7: 27 | AI7: 0.27 | AJ7: 19.11 | AK7: 5 | AL7: 45 | AM7: 20 | AN7: 26.9 | AO7: 28.95 | AP7: 44.9 | AQ7: 33.92 | AR7: 6.77 | AS7: 6.3
B8: GET /aeronaves | C8: 10 | D8: 0 | E8: 0 | F8: 17.9 | G8: 14 | H8: 26 | I8: 17.5 | J8: 25.3 | K8: 26 | L8: 26 | M8: 12.22 | N8: 173.8 | O8: 1.97 | Q8: GET /aeronaves | R8: 50 | S8: 0 | T8: 0 | U8: 36.36 | V8: 17 | W8: 71 | X8: 34.5 | Y8: 52 | Z8: 58.8 | AA8: 71 | AB8: 18.96 | AC8: 274.5 | AD8: 3.06 | AF8: GET /aeronaves | AG8: 100 | AH8: 0 | AI8: 0 | AJ8: 31.86 | AK8: 11 | AL8: 66 | AM8: 31 | AN8: 48 | AO8: 54.95 | AP8: 65.95 | AQ8: 33.81 | AR8: 496.86 | AS8: 5.45
B9: GET /etapas | C9: 10 | D9: 0 | E9: 0 | F9: 8.5 | G9: 7 | H9: 11 | I9: 8 | J9: 10.9 | K9: 11 | L9: 11 | M9: 12.35 | N9: 43.79 | O9: 1.95 | Q9: GET /etapas | R9: 50 | S9: 0 | T9: 0 | U9: 20.5 | V9: 8 | W9: 42 | X9: 20 | Y9: 30.9 | Z9: 41 | AA9: 42 | AB9: 19.16 | AC9: 67.95 | AD9: 3.03 | AF9: GET /etapas | AG9: 100 | AH9: 0 | AI9: 0 | AJ9: 20.11 | AK9: 5 | AL9: 42 | AM9: 20 | AN9: 30.8 | AO9: 34 | AP9: 41.99 | AQ9: 33.97 | AR9: 120.48 | AS9: 5.37
B10: GET /funcionarios | C10: 10 | D10: 0 | E10: 0 | F10: 5.7 | G10: 5 | H10: 9 | I10: 5 | J10: 8.7 | K10: 9 | L10: 9 | M10: 12.41 | N10: 26.18 | O10: 2.04 | Q10: GET /funcionarios | R10: 50 | S10: 0 | T10: 0 | U10: 16.64 | V10: 5 | W10: 42 | X10: 15.5 | Y10: 28 | Z10: 34.8 | AA10: 42 | AB10: 19.16 | AC10: 40.44 | AD10: 3.14 | AF10: GET /funcionarios | AG10: 100 | AH10: 0 | AI10: 0 | AJ10: 17.05 | AK10: 4 | AL10: 40 | AM10: 18 | AN10: 23.9 | AO10: 32.7 | AP10: 39.97 | AQ10: 33.97 | AR10: 71.68 | AS10: 5.57
B11: GET /pecas | C11: 10 | D11: 0 | E11: 0 | F11: 5.6 | G11: 4 | H11: 7 | I11: 6 | J11: 7 | K11: 7 | L11: 7 | M11: 12.39 | N11: 37.1 | O11: 1.95 | Q11: GET /pecas | R11: 50 | S11: 0 | T11: 0 | U11: 15.94 | V11: 4 | W11: 54 | X11: 13 | Y11: 27.8 | Z11: 33 | AA11: 54 | AB11: 19.18 | AC11: 57.43 | AD11: 3.02 | AF11: GET /pecas | AG11: 100 | AH11: 0 | AI11: 0 | AJ11: 16.52 | AK11: 4 | AL11: 38 | AM11: 17.5 | AN11: 25 | AO11: 27.95 | AP11: 38 | AQ11: 33.97 | AR11: 101.7 | AS11: 5.34
B12: GET /pecas/{id} | C12: 10 | D12: 0 | E12: 0 | F12: 3.8 | G12: 3 | H12: 6 | I12: 3.5 | J12: 5.9 | K12: 6 | L12: 6 | M12: 12.59 | N12: 7.2 | O12: 2.02 | Q12: GET /pecas/{id} | R12: 50 | S12: 10 | T12: 0.2 | U12: 12.7 | V12: 3 | W12: 34 | X12: 10.5 | Y12: 24 | Z12: 31.35 | AA12: 34 | AB12: 19.33 | AC12: 10.02 | AD12: 3.15 | AF12: GET /pecas/{id} | AG12: 100 | AH12: 27 | AI12: 0.27 | AJ12: 16.26 | AK12: 2 | AL12: 38 | AM12: 18 | AN12: 23.9 | AO12: 25.95 | AP12: 37.94 | AQ12: 33.94 | AR12: 16.96 | AS12: 5.57
B13: GET /relatorios | C13: 10 | D13: 0 | E13: 0 | F13: 5.6 | G13: 5 | H13: 7 | I13: 5.5 | J13: 6.9 | K13: 7 | L13: 7 | M13: 12.39 | N13: 112.9 | O13: 2.01 | Q13: GET /relatorios | R13: 50 | S13: 0 | T13: 0 | U13: 15.44 | V13: 4 | W13: 50 | X13: 12.5 | Y13: 25.8 | Z13: 37.9 | AA13: 50 | AB13: 19.2 | AC13: 174.95 | AD13: 3.11 | AF13: GET /relatorios | AG13: 100 | AH13: 0 | AI13: 0 | AJ13: 18.04 | AK13: 4 | AL13: 45 | AM13: 18 | AN13: 26 | AO13: 34.85 | AP13: 44.94 | AQ13: 33.97 | AR13: 309.49 | AS13: 5.51
B14: GET /testes | C14: 10 | D14: 0 | E14: 0 | F14: 4.8 | G14: 4 | H14: 6 | I14: 5 | J14: 5.9 | K14: 6 | L14: 6 | M14: 12.39 | N14: 35.23 | O14: 1.96 | Q14: GET /testes | R14: 50 | S14: 0 | T14: 0 | U14: 14.38 | V14: 4 | W14: 52 | X14: 13 | Y14: 25.9 | Z14: 31.8 | AA14: 52 | AB14: 19.23 | AC14: 54.67 | AD14: 3.04 | AF14: GET /testes | AG14: 100 | AH14: 0 | AI14: 0 | AJ14: 17.9 | AK14: 3 | AL14: 39 | AM14: 18 | AN14: 27.9 | AO14: 31.9 | AP14: 38.98 | AQ14: 33.97 | AR14: 96.56 | AS14: 5.37
B15: PATCH /pecas/{id} | C15: 10 | D15: 0 | E15: 0 | F15: 11.8 | G15: 10 | H15: 14 | I15: 12 | J15: 14 | K15: 14 | L15: 14 | M15: 12.42 | N15: 7.1 | O15: 4.34 | Q15: PATCH /pecas/{id} | R15: 50 | S15: 10 | T15: 0.2 | U15: 22 | V15: 6 | W15: 55 | X15: 20.5 | Y15: 37.5 | Z15: 50.05 | AA15: 55 | AB15: 19.26 | AC15: 9.99 | AD15: 6.81 | AF15: PATCH /pecas/{id} | AG15: 100 | AH15: 27 | AI15: 0.27 | AJ15: 25.98 | AK15: 4 | AL15: 59 | AM15: 25.5 | AN15: 41 | AO15: 47.9 | AP15: 58.94 | AQ15: 33.89 | AR15: 16.93 | AS15: 12.02
B16: POST /pecas | C16: 10 | D16: 0 | E16: 0 | F16: 13.3 | G16: 10 | H16: 21 | I16: 13 | J16: 20.3 | K16: 21 | L16: 21 | M16: 12.27 | N16: 6.95 | O16: 4.11 | Q16: POST /pecas | R16: 50 | S16: 10 | T16: 0.2 | U16: 27.26 | V16: 10 | W16: 50 | X16: 27 | Y16: 36.9 | Z16: 44.35 | AA16: 50 | AB16: 19.21 | AC16: 11.3 | AD16: 6.46 | AF16: POST /pecas | AG16: 100 | AH16: 27 | AI16: 0.27 | AJ16: 34.03 | AK16: 9 | AL16: 63 | AM16: 35 | AN16: 50.8 | AO16: 57.85 | AP16: 63 | AQ16: 33.86 | AR16: 20.17 | AS16: 11.41

Sheet Resumo
B2: Usuários: 1 | Z2: Usuários: 5 | AX2: Usuários: 10
B4: Requests | C4: Executions | F4: Response Times (ms) | M4: Latência de Requisição (ms) | P4: Tempo de Processamento (ms) | S4: Latência de Resposta (ms) | V4: Throughput | W4: Network (KB/sec) | Z4: Requests | AA4: Executions | AD4: Response Times (ms) | AK4: Latência de Requisição (ms) | AN4: Tempo de Processamento (ms) | AQ4: Latência de Resposta (ms) | AT4: Throughput | AU4: Network (KB/sec) | AX4: Requests | AY4: Executions | BB4: Response Times (ms) | BI4: Latência de Requisição (ms) | BL4: Tempo de Processamento (ms) | BO4: Latência de Resposta (ms) | BR4: Throughput | BS4: Network (KB/sec)
B5: Label | C5: #Samples | D5: FAIL | E5: Error % | F5: Average | G5: Min | H5: Max | I5: Median | J5: 90th pct | K5: 95th pct | L5: 99th pct | M5: Average | N5: Min | O5: Max | P5: Average | Q5: Min | R5: Max | S5: Average | T5: Min | U5: Max | V5: Transactions/s | W5: Received | X5: Sent | Z5: Label | AA5: #Samples | AB5: FAIL | AC5: Error % | AD5: Average | AE5: Min | AF5: Max | AG5: Median | AH5: 90th pct | AI5: 95th pct | AJ5: 99th pct | AK5: Average | AL5: Min | AM5: Max | AN5: Average | AO5: Min | AP5: Max | AQ5: Average | AR5: Min | AS5: Max | AT5: Transactions/s | AU5: Received | AV5: Sent | AX5: Label | AY5: #Samples | AZ5: FAIL | BA5: Error % | BB5: Average | BC5: Min | BD5: Max | BE5: Median | BF5: 90th pct | BG5: 95th pct | BH5: 99th pct | BI5: Average | BJ5: Min | BK5: Max | BL5: Average | BM5: Min | BN5: Max | BO5: Average | BP5: Min | BQ5: Max | BR5: Transactions/s | BS5: Received | BT5: Sent
B6: Total | C6: 100 | D6: 0 | E6: 0 | F6: 8.49 | G6: 3 | H6: 26 | I6: 7 | J6: 14.9 | K6: 18 | L6: 25.95 | M6: =(F6-P6)/2 -> 0.695 | N6: =(G6-Q6)/2 -> 0.43 | O6: =(H6-R6)/2 -> 0.715 | P6: =GETPIVOTDATA("Média de Duração (ms)",'Resumo-DB'!$B$4) -> 7.1 | Q6: =GETPIVOTDATA("Mín. de Duração (ms)",'Resumo-DB'!$B$4) -> 2.14 | R6: =GETPIVOTDATA("Máx. de Duração (ms)",'Resumo-DB'!$B$4) -> 24.57 | S6: =F6-P6-M6 -> 0.695 | T6: =G6-Q6-N6 -> 0.43 | U6: =H6-R6-O6 -> 0.715 | V6: 112.49 | W6: 412.76 | X6: 22.35 | Z6: Total | AA6: 500 | AB6: 40 | AC6: 0.08 | AD6: 19.94 | AE6: 3 | AF6: 71 | AG6: 17 | AH6: 34 | AI6: 42 | AJ6: 54.99 | AK6: =(AD6-AN6)/2 -> 3.5408081 | AL6: =(AE6-AO6)/2 -> 0.145 | AM6: =(AF6-AP6)/2 -> 1.1 | AN6: =GETPIVOTDATA("Média de Duração (ms)",'Resumo-DB'!$H$4) -> 12.858384 | AO6: =GETPIVOTDATA("Mín. de Duração (ms)",'Resumo-DB'!$H$4) -> 2.71 | AP6: =GETPIVOTDATA("Máx. de Duração (ms)",'Resumo-DB'!$H$4) -> 68.8 | AQ6: =AD6-AN6-AK6 -> 3.5408081 | AR6: =AE6-AO6-AL6 -> 0.145 | AS6: =AF6-AP6-AM6 -> 1.1 | AT6: 185.32 | AU6: 683.8 | AV6: 37.04 | AX6: Total | AY6: 1000 | AZ6: 108 | BA6: 0.108 | BB6: 21.69 | BC6: 2 | BD6: 66 | BE6: 20 | BF6: 37 | BG6: 43 | BH6: 55 | BI6: =(BB6-BL6)/2 -> 3.9813557 | BJ6: =(BC6-BM6)/2 -> 0.125 | BK6: =(BD6-BN6)/2 -> 8.025 | BL6: =GETPIVOTDATA("Média de duracaoMs2",'Resumo-DB'!$N$4) -> 13.727289 | BM6: =GETPIVOTDATA("Mín. de duracaoMs2",'Resumo-DB'!$N$4) -> 1.75 | BN6: =GETPIVOTDATA("Máx. de duracaoMs2",'Resumo-DB'!$N$4) -> 49.95 | BO6: =BB6-BL6-BI6 -> 3.9813557 | BP6: =BC6-BM6-BJ6 -> 0.125 | BQ6: =BD6-BN6-BK6 -> 8.025 | BR6: 332.23 | BS6: 1232.46 | BT6: 66.53
B7: DELETE /pecas/{id} | C7: 10 | D7: 0 | E7: 0 | F7: 7.9 | G7: 7 | H7: 11 | I7: 7.5 | J7: 10.8 | K7: 11 | L7: 11 | M7: =(F7-P7)/2 -> 0.8085 | N7: =(G7-Q7)/2 -> 0.785 | O7: =(H7-R7)/2 -> 1.77 | P7: =GETPIVOTDATA("Média de Duração (ms)",'Resumo-DB'!$B$4,"requisição","DELETE /pecas/:id") -> 6.283 | Q7: =GETPIVOTDATA("Mín. de Duração (ms)",'Resumo-DB'!$B$4,"requisição","DELETE /pecas/:id") -> 5.43 | R7: =GETPIVOTDATA("Máx. de Duração (ms)",'Resumo-DB'!$B$4,"requisição","DELETE /pecas/:id") -> 7.46 | S7: =F7-P7-M7 -> 0.8085 | T7: =G7-Q7-N7 -> 0.785 | U7: =H7-R7-O7 -> 1.77 | V7: 12.53 | W7: 2.03 | X7: 2.28 | Z7: DELETE /pecas/{id} | AA7: 50 | AB7: 10 | AC7: 0.2 | AD7: 18.14 | AE7: 7 | AF7: 42 | AG7: 16.5 | AH7: 28.9 | AI7: 33 | AJ7: 42 | AK7: =(AD7-AN7)/2 -> 3.4813265 | AL7: =(AE7-AO7)/2 -> 1.135 | AM7: =(AF7-AP7)/2 -> 7.8 | AN7: =GETPIVOTDATA("Média de Duração (ms)",'Resumo-DB'!$H$4,"requisição","DELETE /pecas/:id") -> 11.177347 | AO7: =GETPIVOTDATA("Mín. de Duração (ms)",'Resumo-DB'!$H$4,"requisição","DELETE /pecas/:id") -> 4.73 | AP7: =GETPIVOTDATA("Máx. de Duração (ms)",'Resumo-DB'!$H$4,"requisição","DELETE /pecas/:id") -> 26.4 | AQ7: =AD7-AN7-AK7 -> 3.4813265 | AR7: =AE7-AO7-AL7 -> 1.135 | AS7: =AF7-AP7-AM7 -> 7.8 | AT7: 19.31 | AU7: 3.66 | AV7: 3.56 | AX7: DELETE /pecas/{id} | AY7: 100 | AZ7: 27 | BA7: 0.27 | BB7: 19.11 | BC7: 5 | BD7: 45 | BE7: 20 | BF7: 26.9 | BG7: 28.95 | BH7: 44.9 | BI7: =(BB7-BL7)/2 -> 3.9055556 | BJ7: =(BC7-BM7)/2 -> 0.985 | BK7: =(BD7-BN7)/2 -> 11.2 | BL7: =GETPIVOTDATA("Média de duracaoMs2",'Resumo-DB'!$N$4,"requisição","DELETE /pecas/:id") -> 11.298889 | BM7: =GETPIVOTDATA("Mín. de duracaoMs2",'Resumo-DB'!$N$4,"requisição","DELETE /pecas/:id") -> 3.03 | BN7: =GETPIVOTDATA("Máx. de duracaoMs2",'Resumo-DB'!$N$4,"requisição","DELETE /pecas/:id") -> 22.6 | BO7: =BB7-BL7-BI7 -> 3.9055556 | BP7: =BC7-BM7-BJ7 -> 0.985 | BQ7: =BD7-BN7-BK7 -> 11.2 | BR7: 33.92 | BS7: 6.77 | BT7: 6.3
B8: GET /aeronaves | C8: 10 | D8: 0 | E8: 0 | F8: 17.9 | G8: 14 | H8: 26 | I8: 17.5 | J8: 25.3 | K8: 26 | L8: 26 | M8: =(F8-P8)/2 -> 0.7405 | N8: =(G8-Q8)/2 -> 0.155 | O8: =(H8-R8)/2 -> 0.715 | P8: =GETPIVOTDATA("Média de Duração (ms)",'Resumo-DB'!$B$4,"requisição","GET /aeronaves/") -> 16.419 | Q8: =GETPIVOTDATA("Mín. de Duração (ms)",'Resumo-DB'!$B$4,"requisição","GET /aeronaves/") -> 13.69 | R8: =GETPIVOTDATA("Máx. de Duração (ms)",'Resumo-DB'!$B$4,"requisição","GET /aeronaves/") -> 24.57 | S8: =F8-P8-M8 -> 0.7405 | T8: =G8-Q8-N8 -> 0.155 | U8: =H8-R8-O8 -> 0.715 | V8: 12.22 | W8: 173.8 | X8: 1.97 | Z8: GET /aeronaves | AA8: 50 | AB8: 0 | AC8: 0 | AD8: 36.36 | AE8: 17 | AF8: 71 | AG8: 34.5 | AH8: 52 | AI8: 58.8 | AJ8: 71 | AK8: =(AD8-AN8)/2 -> 3.6756122 | AL8: =(AE8-AO8)/2 -> 1.35 | AM8: =(AF8-AP8)/2 -> 1.1 | AN8: =GETPIVOTDATA("Média de Duração (ms)",'Resumo-DB'!$H$4,"requisição","GET /aeronaves/") -> 29.008776 | AO8: =GETPIVOTDATA("Mín. de Duração (ms)",'Resumo-DB'!$H$4,"requisição","GET /aeronaves/") -> 14.3 | AP8: =GETPIVOTDATA("Máx. de Duração (ms)",'Resumo-DB'!$H$4,"requisição","GET /aeronaves/") -> 68.8 | AQ8: =AD8-AN8-AK8 -> 3.6756122 | AR8: =AE8-AO8-AL8 -> 1.35 | AS8: =AF8-AP8-AM8 -> 1.1 | AT8: 18.96 | AU8: 274.5 | AV8: 3.06 | AX8: GET /aeronaves | AY8: 100 | AZ8: 0 | BA8: 0 | BB8: 31.86 | BC8: 11 | BD8: 66 | BE8: 31 | BF8: 48 | BG8: 54.95 | BH8: 65.95 | BI8: =(BB8-BL8)/2 -> 3.9180612 | BJ8: =(BC8-BM8)/2 -> 1.21 | BK8: =(BD8-BN8)/2 -> 8.025 | BL8: =GETPIVOTDATA("Média de duracaoMs2",'Resumo-DB'!$N$4,"requisição","GET /aeronaves/") -> 24.023878 | BM8: =GETPIVOTDATA("Mín. de duracaoMs2",'Resumo-DB'!$N$4,"requisição","GET /aeronaves/") -> 8.58 | BN8: =GETPIVOTDATA("Máx. de duracaoMs2",'Resumo-DB'!$N$4,"requisição","GET /aeronaves/") -> 49.95 | BO8: =BB8-BL8-BI8 -> 3.9180612 | BP8: =BC8-BM8-BJ8 -> 1.21 | BQ8: =BD8-BN8-BK8 -> 8.025 | BR8: 33.81 | BS8: 496.86 | BT8: 5.45
B9: GET /etapas | C9: 10 | D9: 0 | E9: 0 | F9: 8.5 | G9: 7 | H9: 11 | I9: 8 | J9: 10.9 | K9: 11 | L9: 11 | M9: =(F9-P9)/2 -> 0.824 | N9: =(G9-Q9)/2 -> 0.845 | O9: =(H9-R9)/2 -> 0.41 | P9: =GETPIVOTDATA("Média de Duração (ms)",'Resumo-DB'!$B$4,"requisição","GET /etapas/") -> 6.852 | Q9: =GETPIVOTDATA("Mín. de Duração (ms)",'Resumo-DB'!$B$4,"requisição","GET /etapas/") -> 5.31 | R9: =GETPIVOTDATA("Máx. de Duração (ms)",'Resumo-DB'!$B$4,"requisição","GET /etapas/") -> 10.18 | S9: =F9-P9-M9 -> 0.824 | T9: =G9-Q9-N9 -> 0.845 | U9: =H9-R9-O9 -> 0.41 | V9: 12.35 | W9: 43.79 | X9: 1.95 | Z9: GET /etapas | AA9: 50 | AB9: 0 | AC9: 0 | AD9: 20.5 | AE9: 8 | AF9: 42 | AG9: 20 | AH9: 30.9 | AI9: 41 | AJ9: 42 | AK9: =(AD9-AN9)/2 -> 4.2052 | AL9: =(AE9-AO9)/2 -> 1.34 | AM9: =(AF9-AP9)/2 -> 7.1 | AN9: =GETPIVOTDATA("Média de Duração (ms)",'Resumo-DB'!$H$4,"requisição","GET /etapas/") -> 12.0896 | AO9: =GETPIVOTDATA("Mín. de Duração (ms)",'Resumo-DB'!$H$4,"requisição","GET /etapas/") -> 5.32 | AP9: =GETPIVOTDATA("Máx. de Duração (ms)",'Resumo-DB'!$H$4,"requisição","GET /etapas/") -> 27.8 | AQ9: =AD9-AN9-AK9 -> 4.2052 | AR9: =AE9-AO9-AL9 -> 1.34 | AS9: =AF9-AP9-AM9 -> 7.1 | AT9: 19.16 | AU9: 67.95 | AV9: 3.03 | AX9: GET /etapas | AY9: 100 | AZ9: 0 | BA9: 0 | BB9: 20.11 | BC9: 5 | BD9: 42 | BE9: 20 | BF9: 30.8 | BG9: 34 | BH9: 41.99 | BI9: =(BB9-BL9)/2 -> 4.7084 | BJ9: =(BC9-BM9)/2 -> 0.73 | BK9: =(BD9-BN9)/2 -> 9.02 | BL9: =GETPIVOTDATA("Média de duracaoMs2",'Resumo-DB'!$N$4,"requisição","GET /etapas/") -> 10.6932 | BM9: =GETPIVOTDATA("Mín. de duracaoMs2",'Resumo-DB'!$N$4,"requisição","GET /etapas/") -> 3.54 | BN9: =GETPIVOTDATA("Máx. de duracaoMs2",'Resumo-DB'!$N$4,"requisição","GET /etapas/") -> 23.96 | BO9: =BB9-BL9-BI9 -> 4.7084 | BP9: =BC9-BM9-BJ9 -> 0.73 | BQ9: =BD9-BN9-BK9 -> 9.02 | BR9: 33.97 | BS9: 120.48 | BT9: 5.37
B10: GET /funcionarios | C10: 10 | D10: 0 | E10: 0 | F10: 5.7 | G10: 5 | H10: 9 | I10: 5 | J10: 8.7 | K10: 9 | L10: 9 | M10: =(F10-P10)/2 -> 1.0235 | N10: =(G10-Q10)/2 -> 0.965 | O10: =(H10-R10)/2 -> 2.3 | P10: =GETPIVOTDATA("Média de Duração (ms)",'Resumo-DB'!$B$4,"requisição","GET /funcionarios/") -> 3.653 | Q10: =GETPIVOTDATA("Mín. de Duração (ms)",'Resumo-DB'!$B$4,"requisição","GET /funcionarios/") -> 3.07 | R10: =GETPIVOTDATA("Máx. de Duração (ms)",'Resumo-DB'!$B$4,"requisição","GET /funcionarios/") -> 4.4 | S10: =F10-P10-M10 -> 1.0235 | T10: =G10-Q10-N10 -> 0.965 | U10: =H10-R10-O10 -> 2.3 | V10: 12.41 | W10: 26.18 | X10: 2.04 | Z10: GET /funcionarios | AA10: 50 | AB10: 0 | AC10: 0 | AD10: 16.64 | AE10: 5 | AF10: 42 | AG10: 15.5 | AH10: 28 | AI10: 34.8 | AJ10: 42 | AK10: =(AD10-AN10)/2 -> 4.1298 | AL10: =(AE10-AO10)/2 -> 1.095 | AM10: =(AF10-AP10)/2 -> 10.31 | AN10: =GETPIVOTDATA("Média de Duração (ms)",'Resumo-DB'!$H$4,"requisição","GET /funcionarios/") -> 8.3804 | AO10: =GETPIVOTDATA("Mín. de Duração (ms)",'Resumo-DB'!$H$4,"requisição","GET /funcionarios/") -> 2.81 | AP10: =GETPIVOTDATA("Máx. de Duração (ms)",'Resumo-DB'!$H$4,"requisição","GET /funcionarios/") -> 21.38 | AQ10: =AD10-AN10-AK10 -> 4.1298 | AR10: =AE10-AO10-AL10 -> 1.095 | AS10: =AF10-AP10-AM10 -> 10.31 | AT10: 19.16 | AU10: 40.44 | AV10: 3.14 | AX10: GET /funcionarios | AY10: 100 | AZ10: 0 | BA10: 0 | BB10: 17.05 | BC10: 4 | BD10: 40 | BE10: 18 | BF10: 23.9 | BG10: 32.7 | BH10: 39.97 | BI10: =(BB10-BL10)/2 -> 4.31005 | BJ10: =(BC10-BM10)/2 -> 0.895 | BK10: =(BD10-BN10)/2 -> 8.67 | BL10: =GETPIVOTDATA("Média de duracaoMs2",'Resumo-DB'!$N$4,"requisição","GET /funcionarios/") -> 8.4299 | BM10: =GETPIVOTDATA("Mín. de duracaoMs2",'Resumo-DB'!$N$4,"requisição","GET /funcionarios/") -> 2.21 | BN10: =GETPIVOTDATA("Máx. de duracaoMs2",'Resumo-DB'!$N$4,"requisição","GET /funcionarios/") -> 22.66 | BO10: =BB10-BL10-BI10 -> 4.31005 | BP10: =BC10-BM10-BJ10 -> 0.895 | BQ10: =BD10-BN10-BK10 -> 8.67 | BR10: 33.97 | BS10: 71.68 | BT10: 5.57
B11: GET /pecas | C11: 10 | D11: 0 | E11: 0 | F11: 5.6 | G11: 4 | H11: 7 | I11: 6 | J11: 7 | K11: 7 | L11: 7 | M11: =(F11-P11)/2 -> 0.62 | N11: =(G11-Q11)/2 -> 0.325 | O11: =(H11-R11)/2 -> 0.72 | P11: =GETPIVOTDATA("Média de Duração (ms)",'Resumo-DB'!$B$4,"requisição","GET /pecas/") -> 4.36 | Q11: =GETPIVOTDATA("Mín. de Duração (ms)",'Resumo-DB'!$B$4,"requisição","GET /pecas/") -> 3.35 | R11: =GETPIVOTDATA("Máx. de Duração (ms)",'Resumo-DB'!$B$4,"requisição","GET /pecas/") -> 5.56 | S11: =F11-P11-M11 -> 0.62 | T11: =G11-Q11-N11 -> 0.325 | U11: =H11-R11-O11 -> 0.72 | V11: 12.39 | W11: 37.1 | X11: 1.95 | Z11: GET /pecas | AA11: 50 | AB11: 0 | AC11: 0 | AD11: 15.94 | AE11: 4 | AF11: 54 | AG11: 13 | AH11: 27.8 | AI11: 33 | AJ11: 54 | AK11: =(AD11-AN11)/2 -> 3.5046 | AL11: =(AE11-AO11)/2 -> 0.39 | AM11: =(AF11-AP11)/2 -> 15.185 | AN11: =GETPIVOTDATA("Média de Duração (ms)",'Resumo-DB'!$H$4,"requisição","GET /pecas/") -> 8.9308 | AO11: =GETPIVOTDATA("Mín. de Duração (ms)",'Resumo-DB'!$H$4,"requisição","GET /pecas/") -> 3.22 | AP11: =GETPIVOTDATA("Máx. de Duração (ms)",'Resumo-DB'!$H$4,"requisição","GET /pecas/") -> 23.63 | AQ11: =AD11-AN11-AK11 -> 3.5046 | AR11: =AE11-AO11-AL11 -> 0.39 | AS11: =AF11-AP11-AM11 -> 15.185 | AT11: 19.18 | AU11: 57.43 | AV11: 3.02 | AX11: GET /pecas | AY11: 100 | AZ11: 0 | BA11: 0 | BB11: 16.52 | BC11: 4 | BD11: 38 | BE11: 17.5 | BF11: 25 | BG11: 27.95 | BH11: 38 | BI11: =(BB11-BL11)/2 -> 3.7903535 | BJ11: =(BC11-BM11)/2 -> 0.71 | BK11: =(BD11-BN11)/2 -> 8.98 | BL11: =GETPIVOTDATA("Média de duracaoMs2",'Resumo-DB'!$N$4,"requisição","GET /pecas/") -> 8.9392929 | BM11: =GETPIVOTDATA("Mín. de duracaoMs2",'Resumo-DB'!$N$4,"requisição","GET /pecas/") -> 2.58 | BN11: =GETPIVOTDATA("Máx. de duracaoMs2",'Resumo-DB'!$N$4,"requisição","GET /pecas/") -> 20.04 | BO11: =BB11-BL11-BI11 -> 3.7903535 | BP11: =BC11-BM11-BJ11 -> 0.71 | BQ11: =BD11-BN11-BK11 -> 8.98 | BR11: 33.97 | BS11: 101.7 | BT11: 5.34
B12: GET /pecas/{id} | C12: 10 | D12: 0 | E12: 0 | F12: 3.8 | G12: 3 | H12: 6 | I12: 3.5 | J12: 5.9 | K12: 6 | L12: 6 | M12: =(F12-P12)/2 -> 0.5485 | N12: =(G12-Q12)/2 -> 0.43 | O12: =(H12-R12)/2 -> 1.225 | P12: =GETPIVOTDATA("Média de Duração (ms)",'Resumo-DB'!$B$4,"requisição","GET /pecas/:id") -> 2.703 | Q12: =GETPIVOTDATA("Mín. de Duração (ms)",'Resumo-DB'!$B$4,"requisição","GET /pecas/:id") -> 2.14 | R12: =GETPIVOTDATA("Máx. de Duração (ms)",'Resumo-DB'!$B$4,"requisição","GET /pecas/:id") -> 3.55 | S12: =F12-P12-M12 -> 0.5485 | T12: =G12-Q12-N12 -> 0.43 | U12: =H12-R12-O12 -> 1.225 | V12: 12.59 | W12: 7.2 | X12: 2.02 | Z12: GET /pecas/{id} | AA12: 50 | AB12: 10 | AC12: 0.2 | AD12: 12.7 | AE12: 3 | AF12: 34 | AG12: 10.5 | AH12: 24 | AI12: 31.35 | AJ12: 34 | AK12: =(AD12-AN12)/2 -> 2.8158163 | AL12: =(AE12-AO12)/2 -> 0.145 | AM12: =(AF12-AP12)/2 -> 8.445 | AN12: =GETPIVOTDATA("Média de Duração (ms)",'Resumo-DB'!$H$4,"requisição","GET /pecas/:id") -> 7.0683673 | AO12: =GETPIVOTDATA("Mín. de Duração (ms)",'Resumo-DB'!$H$4,"requisição","GET /pecas/:id") -> 2.71 | AP12: =GETPIVOTDATA("Máx. de Duração (ms)",'Resumo-DB'!$H$4,"requisição","GET /pecas/:id") -> 17.11 | AQ12: =AD12-AN12-AK12 -> 2.8158163 | AR12: =AE12-AO12-AL12 -> 0.145 | AS12: =AF12-AP12-AM12 -> 8.445 | AT12: 19.33 | AU12: 10.02 | AV12: 3.15 | AX12: GET /pecas/{id} | AY12: 100 | AZ12: 27 | BA12: 0.27 | BB12: 16.26 | BC12: 2 | BD12: 38 | BE12: 18 | BF12: 23.9 | BG12: 25.95 | BH12: 37.94 | BI12: =(BB12-BL12)/2 -> 3.9987671 | BJ12: =(BC12-BM12)/2 -> 0.125 | BK12: =(BD12-BN12)/2 -> 9.07 | BL12: =GETPIVOTDATA("Média de duracaoMs2",'Resumo-DB'!$N$4,"requisição","GET /pecas/:id") -> 8.2624658 | BM12: =GETPIVOTDATA("Mín. de duracaoMs2",'Resumo-DB'!$N$4,"requisição","GET /pecas/:id") -> 1.75 | BN12: =GETPIVOTDATA("Máx. de duracaoMs2",'Resumo-DB'!$N$4,"requisição","GET /pecas/:id") -> 19.86 | BO12: =BB12-BL12-BI12 -> 3.9987671 | BP12: =BC12-BM12-BJ12 -> 0.125 | BQ12: =BD12-BN12-BK12 -> 9.07 | BR12: 33.94 | BS12: 16.96 | BT12: 5.57
B13: GET /relatorios | C13: 10 | D13: 0 | E13: 0 | F13: 5.6 | G13: 5 | H13: 7 | I13: 5.5 | J13: 6.9 | K13: 7 | L13: 7 | M13: =(F13-P13)/2 -> 0.467 | N13: =(G13-Q13)/2 -> 0.735 | O13: =(H13-R13)/2 -> 0.86 | P13: =GETPIVOTDATA("Média de Duração (ms)",'Resumo-DB'!$B$4,"requisição","GET /relatorios/") -> 4.666 | Q13: =GETPIVOTDATA("Mín. de Duração (ms)",'Resumo-DB'!$B$4,"requisição","GET /relatorios/") -> 3.53 | R13: =GETPIVOTDATA("Máx. de Duração (ms)",'Resumo-DB'!$B$4,"requisição","GET /relatorios/") -> 5.28 | S13: =F13-P13-M13 -> 0.467 | T13: =G13-Q13-N13 -> 0.735 | U13: =H13-R13-O13 -> 0.86 | V13: 12.39 | W13: 112.9 | X13: 2.01 | Z13: GET /relatorios | AA13: 50 | AB13: 0 | AC13: 0 | AD13: 15.44 | AE13: 4 | AF13: 50 | AG13: 12.5 | AH13: 25.8 | AI13: 37.9 | AJ13: 50 | AK13: =(AD13-AN13)/2 -> 3.6115 | AL13: =(AE13-AO13)/2 -> 0.44 | AM13: =(AF13-AP13)/2 -> 12.02 | AN13: =GETPIVOTDATA("Média de Duração (ms)",'Resumo-DB'!$H$4,"requisição","GET /relatorios/") -> 8.217 | AO13: =GETPIVOTDATA("Mín. de Duração (ms)",'Resumo-DB'!$H$4,"requisição","GET /relatorios/") -> 3.12 | AP13: =GETPIVOTDATA("Máx. de Duração (ms)",'Resumo-DB'!$H$4,"requisição","GET /relatorios/") -> 25.96 | AQ13: =AD13-AN13-AK13 -> 3.6115 | AR13: =AE13-AO13-AL13 -> 0.44 | AS13: =AF13-AP13-AM13 -> 12.02 | AT13: 19.2 | AU13: 174.95 | AV13: 3.11 | AX13: GET /relatorios | AY13: 100 | AZ13: 0 | BA13: 0 | BB13: 18.04 | BC13: 4 | BD13: 45 | BE13: 18 | BF13: 26 | BG13: 34.85 | BH13: 44.94 | BI13: =(BB13-BL13)/2 -> 4.030101 | BJ13: =(BC13-BM13)/2 -> 0.835 | BK13: =(BD13-BN13)/2 -> 6.015 | BL13: =GETPIVOTDATA("Média de duracaoMs2",'Resumo-DB'!$N$4,"requisição","GET /relatorios/") -> 9.979798 | BM13: =GETPIVOTDATA("Mín. de duracaoMs2",'Resumo-DB'!$N$4,"requisição","GET /relatorios/") -> 2.33 | BN13: =GETPIVOTDATA("Máx. de duracaoMs2",'Resumo-DB'!$N$4,"requisição","GET /relatorios/") -> 32.97 | BO13: =BB13-BL13-BI13 -> 4.030101 | BP13: =BC13-BM13-BJ13 -> 0.835 | BQ13: =BD13-BN13-BK13 -> 6.015 | BR13: 33.97 | BS13: 309.49 | BT13: 5.51
B14: GET /testes | C14: 10 | D14: 0 | E14: 0 | F14: 4.8 | G14: 4 | H14: 6 | I14: 5 | J14: 5.9 | K14: 6 | L14: 6 | M14: =(F14-P14)/2 -> 0.5235 | N14: =(G14-Q14)/2 -> 0.64 | O14: =(H14-R14)/2 -> 0.76 | P14: =GETPIVOTDATA("Média de Duração (ms)",'Resumo-DB'!$B$4,"requisição","GET /testes/") -> 3.753 | Q14: =GETPIVOTDATA("Mín. de Duração (ms)",'Resumo-DB'!$B$4,"requisição","GET /testes/") -> 2.72 | R14: =GETPIVOTDATA("Máx. de Duração (ms)",'Resumo-DB'!$B$4,"requisição","GET /testes/") -> 4.48 | S14: =F14-P14-M14 -> 0.5235 | T14: =G14-Q14-N14 -> 0.64 | U14: =H14-R14-O14 -> 0.76 | V14: 12.39 | W14: 35.23 | X14: 1.96 | Z14: GET /testes | AA14: 50 | AB14: 0 | AC14: 0 | AD14: 14.38 | AE14: 4 | AF14: 52 | AG14: 13 | AH14: 25.9 | AI14: 31.8 | AJ14: 52 | AK14: =(AD14-AN14)/2 -> 3.4937 | AL14: =(AE14-AO14)/2 -> 0.26 | AM14: =(AF14-AP14)/2 -> 8.465 | AN14: =GETPIVOTDATA("Média de Duração (ms)",'Resumo-DB'!$H$4,"requisição","GET /testes/") -> 7.3926 | AO14: =GETPIVOTDATA("Mín. de Duração (ms)",'Resumo-DB'!$H$4,"requisição","GET /testes/") -> 3.48 | AP14: =GETPIVOTDATA("Máx. de Duração (ms)",'Resumo-DB'!$H$4,"requisição","GET /testes/") -> 35.07 | AQ14: =AD14-AN14-AK14 -> 3.4937 | AR14: =AE14-AO14-AL14 -> 0.26 | AS14: =AF14-AP14-AM14 -> 8.465 | AT14: 19.23 | AU14: 54.67 | AV14: 3.04 | AX14: GET /testes | AY14: 100 | AZ14: 0 | BA14: 0 | BB14: 17.9 | BC14: 3 | BD14: 39 | BE14: 18 | BF14: 27.9 | BG14: 31.9 | BH14: 38.98 | BI14: =(BB14-BL14)/2 -> 4.415202 | BJ14: =(BC14-BM14)/2 -> 0.52 | BK14: =(BD14-BN14)/2 -> 6.955 | BL14: =GETPIVOTDATA("Média de duracaoMs2",'Resumo-DB'!$N$4,"requisição","GET /testes/") -> 9.069596 | BM14: =GETPIVOTDATA("Mín. de duracaoMs2",'Resumo-DB'!$N$4,"requisição","GET /testes/") -> 1.96 | BN14: =GETPIVOTDATA("Máx. de duracaoMs2",'Resumo-DB'!$N$4,"requisição","GET /testes/") -> 25.09 | BO14: =BB14-BL14-BI14 -> 4.415202 | BP14: =BC14-BM14-BJ14 -> 0.52 | BQ14: =BD14-BN14-BK14 -> 6.955 | BR14: 33.97 | BS14: 96.56 | BT14: 5.37
B15: PATCH /pecas/{id} | C15: 10 | D15: 0 | E15: 0 | F15: 11.8 | G15: 10 | H15: 14 | I15: 12 | J15: 14 | K15: 14 | L15: 14 | M15: =(F15-P15)/2 -> 0.692 | N15: =(G15-Q15)/2 -> 0.815 | O15: =(H15-R15)/2 -> 0.695 | P15: =GETPIVOTDATA("Média de Duração (ms)",'Resumo-DB'!$B$4,"requisição","PATCH /pecas/:id") -> 10.416 | Q15: =GETPIVOTDATA("Mín. de Duração (ms)",'Resumo-DB'!$B$4,"requisição","PATCH /pecas/:id") -> 8.37 | R15: =GETPIVOTDATA("Máx. de Duração (ms)",'Resumo-DB'!$B$4,"requisição","PATCH /pecas/:id") -> 12.61 | S15: =F15-P15-M15 -> 0.692 | T15: =G15-Q15-N15 -> 0.815 | U15: =H15-R15-O15 -> 0.695 | V15: 12.42 | W15: 7.1 | X15: 4.34 | Z15: PATCH /pecas/{id} | AA15: 50 | AB15: 10 | AC15: 0.2 | AD15: 22 | AE15: 6 | AF15: 55 | AG15: 20.5 | AH15: 37.5 | AI15: 50.05 | AJ15: 55 | AK15: =(AD15-AN15)/2 -> 3.1706122 | AL15: =(AE15-AO15)/2 -> 1.425 | AM15: =(AF15-AP15)/2 -> 2.96 | AN15: =GETPIVOTDATA("Média de Duração (ms)",'Resumo-DB'!$H$4,"requisição","PATCH /pecas/:id") -> 15.658776 | AO15: =GETPIVOTDATA("Mín. de Duração (ms)",'Resumo-DB'!$H$4,"requisição","PATCH /pecas/:id") -> 3.15 | AP15: =GETPIVOTDATA("Máx. de Duração (ms)",'Resumo-DB'!$H$4,"requisição","PATCH /pecas/:id") -> 49.08 | AQ15: =AD15-AN15-AK15 -> 3.1706122 | AR15: =AE15-AO15-AL15 -> 1.425 | AS15: =AF15-AP15-AM15 -> 2.96 | AT15: 19.26 | AU15: 9.99 | AV15: 6.81 | AX15: PATCH /pecas/{id} | AY15: 100 | AZ15: 27 | BA15: 0.27 | BB15: 25.98 | BC15: 4 | BD15: 59 | BE15: 25.5 | BF15: 41 | BG15: 47.9 | BH15: 58.94 | BI15: =(BB15-BL15)/2 -> 2.4442361 | BJ15: =(BC15-BM15)/2 -> -0.73 | BK15: =(BD15-BN15)/2 -> 7.71 | BL15: =GETPIVOTDATA("Média de duracaoMs2",'Resumo-DB'!$N$4,"requisição","PATCH /pecas/:id") -> 21.091528 | BM15: =GETPIVOTDATA("Mín. de duracaoMs2",'Resumo-DB'!$N$4,"requisição","PATCH /pecas/:id") -> 5.46 | BN15: =GETPIVOTDATA("Máx. de duracaoMs2",'Resumo-DB'!$N$4,"requisição","PATCH /pecas/:id") -> 43.58 | BO15: =BB15-BL15-BI15 -> 2.4442361 | BP15: =BC15-BM15-BJ15 -> -0.73 | BQ15: =BD15-BN15-BK15 -> 7.71 | BR15: 33.89 | BS15: 16.93 | BT15: 12.02
B16: POST /pecas | C16: 10 | D16: 0 | E16: 0 | F16: 13.3 | G16: 10 | H16: 21 | I16: 13 | J16: 20.3 | K16: 21 | L16: 21 | M16: =(F16-P16)/2 -> 0.8395 | N16: =(G16-Q16)/2 -> 0.41 | O16: =(H16-R16)/2 -> 1.015 | P16: =GETPIVOTDATA("Média de Duração (ms)",'Resumo-DB'!$B$4,"requisição","POST /pecas/") -> 11.621 | Q16: =GETPIVOTDATA("Mín. de Duração (ms)",'Resumo-DB'!$B$4,"requisição","POST /pecas/") -> 9.18 | R16: =GETPIVOTDATA("Máx. de Duração (ms)",'Resumo-DB'!$B$4,"requisição","POST /pecas/") -> 18.97 | S16: =F16-P16-M16 -> 0.8395 | T16: =G16-Q16-N16 -> 0.41 | U16: =H16-R16-O16 -> 1.015 | V16: 12.27 | W16: 6.95 | X16: 4.11 | Z16: POST /pecas | AA16: 50 | AB16: 10 | AC16: 0.2 | AD16: 27.26 | AE16: 10 | AF16: 50 | AG16: 27 | AH16: 36.9 | AI16: 44.35 | AJ16: 50 | AK16: =(AD16-AN16)/2 -> 3.1031633 | AL16: =(AE16-AO16)/2 -> 0.755 | AM16: =(AF16-AP16)/2 -> 6.255 | AN16: =GETPIVOTDATA("Média de Duração (ms)",'Resumo-DB'!$H$4,"requisição","POST /pecas/") -> 21.053673 | AO16: =GETPIVOTDATA("Mín. de Duração (ms)",'Resumo-DB'!$H$4,"requisição","POST /pecas/") -> 8.49 | AP16: =GETPIVOTDATA("Máx. de Duração (ms)",'Resumo-DB'!$H$4,"requisição","POST /pecas/") -> 37.49 | AQ16: =AD16-AN16-AK16 -> 3.1031633 | AR16: =AE16-AO16-AL16 -> 0.755 | AS16: =AF16-AP16-AM16 -> 6.255 | AT16: 19.21 | AU16: 11.3 | AV16: 6.46 | AX16: POST /pecas | AY16: 100 | AZ16: 27 | BA16: 0.27 | BB16: 34.03 | BC16: 9 | BD16: 63 | BE16: 35 | BF16: 50.8 | BG16: 57.85 | BH16: 63 | BI16: =(BB16-BL16)/2 -> 4.2232828 | BJ16: =(BC16-BM16)/2 -> 0.75 | BK16: =(BD16-BN16)/2 -> 7.7 | BL16: =GETPIVOTDATA("Média de duracaoMs2",'Resumo-DB'!$N$4,"requisição","POST /pecas/") -> 25.583434 | BM16: =GETPIVOTDATA("Mín. de duracaoMs2",'Resumo-DB'!$N$4,"requisição","POST /pecas/") -> 7.5 | BN16: =GETPIVOTDATA("Máx. de duracaoMs2",'Resumo-DB'!$N$4,"requisição","POST /pecas/") -> 47.6 | BO16: =BB16-BL16-BI16 -> 4.2232828 | BP16: =BC16-BM16-BJ16 -> 0.75 | BQ16: =BD16-BN16-BK16 -> 7.7 | BR16: 33.86 | BS16: 20.17 | BT16: 11.41

Sheet Tempo
B2: Rótulo | C2: Usuários | D2: Requests | E2: Usuários | F2: Tempo de Resposta (ms) | G2: Latência de Requisição (ms) | H2: Tempo de Processamento (ms) | I2: Latência de Resposta (ms)
B3: Label | C3: Label | D3: Label | E3: Label | F3: Average | G3: Average | H3: Average | I3: Average
B4: ="["&C4&"] : "&D4 -> [1] : | C4: 1 | E4: ="[ "&C4&" ]" -> [ 1 ] | F4: 13.3 | G4: 0.8395 | H4: 11.621 | I4: 0.8395
B5: ="["&C5&"] : "&D5 -> [5] : POST /pecas | C5: 5 | D5: POST /pecas | E5: ="[ "&C5&" ]" -> [ 5 ] | F5: 27.26 | G5: 3.1031633 | H5: 21.053673 | I5: 3.1031633
B6: ="["&C6&"] : "&D6 -> [10] : | C6: 10 | E6: ="[ "&C6&" ]" -> [ 10 ] | F6: 34.03 | G6: 4.2232828 | H6: 25.583434 | I6: 4.2232828
B7: ="["&C7&"] : "&D7 -> [1] : | C7: 1 | E7: ="[ "&C7&" ]" -> [ 1 ] | F7: 11.8 | G7: 0.692 | H7: 10.416 | I7: 0.692
B8: ="["&C8&"] : "&D8 -> [5] : PATCH /pecas/{id} | C8: 5 | D8: PATCH /pecas/{id} | E8: ="[ "&C8&" ]" -> [ 5 ] | F8: 22 | G8: 3.1706122 | H8: 15.658776 | I8: 3.1706122
B9: ="["&C9&"] : "&D9 -> [10] : | C9: 10 | E9: ="[ "&C9&" ]" -> [ 10 ] | F9: 25.98 | G9: 2.4442361 | H9: 21.091528 | I9: 2.4442361
B10: ="["&C10&"] : "&D10 -> [1] : | C10: 1 | E10: ="[ "&C10&" ]" -> [ 1 ] | F10: 3.8 | G10: 0.5485 | H10: 2.703 | I10: 0.5485
B11: ="["&C11&"] : "&D11 -> [5] : GET /pecas/{id} | C11: 5 | D11: GET /pecas/{id} | E11: ="[ "&C11&" ]" -> [ 5 ] | F11: 12.7 | G11: 2.8158163 | H11: 7.0683673 | I11: 2.8158163
B12: ="["&C12&"] : "&D12 -> [10] : | C12: 10 | E12: ="[ "&C12&" ]" -> [ 10 ] | F12: 16.26 | G12: 3.9987671 | H12: 8.2624658 | I12: 3.9987671
B13: ="["&C13&"] : "&D13 -> [1] : | C13: 1 | E13: ="[ "&C13&" ]" -> [ 1 ] | F13: 7.9 | G13: 0.8085 | H13: 6.283 | I13: 0.8085
B14: ="["&C14&"] : "&D14 -> [5] : DELETE /pecas/{id} | C14: 5 | D14: DELETE /pecas/{id} | E14: ="[ "&C14&" ]" -> [ 5 ] | F14: 18.14 | G14: 3.4813265 | H14: 11.177347 | I14: 3.4813265
B15: ="["&C15&"] : "&D15 -> [10] : | C15: 10 | E15: ="[ "&C15&" ]" -> [ 10 ] | F15: 19.11 | G15: 3.9055556 | H15: 11.298889 | I15: 3.9055556
B17: Rótulo | C17: Usuários | D17: Requests | E17: Usuários | F17: Tempo de Resposta (ms) | G17: Latência de Requisição (ms) | H17: Tempo de Processamento (ms) | I17: Latência de Resposta (ms)
B18: Label | C18: Label | D18: Label | E18: Label | F18: Average | G18: Average | H18: Average | I18: Average
B19: ="["&C19&"] : "&D19 -> [1] : | C19: 1 | E19: ="[ "&C19&" ]" -> [ 1 ] | F19: 17.9 | G19: 0.7405 | H19: 16.419 | I19: 0.7405
B20: ="["&C20&"] : "&D20 -> [5] : GET /aeronaves | C20: 5 | D20: GET /aeronaves | E20: ="[ "&C20&" ]" -> [ 5 ] | F20: 36.36 | G20: 3.6756122 | H20: 29.008776 | I20: 3.6756122
B21: ="["&C21&"] : "&D21 -> [10] : | C21: 10 | E21: ="[ "&C21&" ]" -> [ 10 ] | F21: 31.86 | G21: 3.9180612 | H21: 24.023878 | I21: 3.9180612
B22: ="["&C22&"] : "&D22 -> [1] : | C22: 1 | E22: ="[ "&C22&" ]" -> [ 1 ] | F22: 8.5 | G22: 0.824 | H22: 6.852 | I22: 0.824
B23: ="["&C23&"] : "&D23 -> [5] : GET /etapas | C23: 5 | D23: GET /etapas | E23: ="[ "&C23&" ]" -> [ 5 ] | F23: 20.5 | G23: 4.2052 | H23: 12.0896 | I23: 4.2052
B24: ="["&C24&"] : "&D24 -> [10] : | C24: 10 | E24: ="[ "&C24&" ]" -> [ 10 ] | F24: 20.11 | G24: 4.7084 | H24: 10.6932 | I24: 4.7084
B25: ="["&C25&"] : "&D25 -> [1] : | C25: 1 | E25: ="[ "&C25&" ]" -> [ 1 ] | F25: 5.7 | G25: 1.0235 | H25: 3.653 | I25: 1.0235
B26: ="["&C26&"] : "&D26 -> [5] : GET /funcionarios | C26: 5 | D26: GET /funcionarios | E26: ="[ "&C26&" ]" -> [ 5 ] | F26: 16.64 | G26: 4.1298 | H26: 8.3804 | I26: 4.1298
B27: ="["&C27&"] : "&D27 -> [10] : | C27: 10 | E27: ="[ "&C27&" ]" -> [ 10 ] | F27: 17.05 | G27: 4.31005 | H27: 8.4299 | I27: 4.31005
B28: ="["&C28&"] : "&D28 -> [1] : | C28: 1 | E28: ="[ "&C28&" ]" -> [ 1 ] | F28: 5.6 | G28: 0.62 | H28: 4.36 | I28: 0.62
B29: ="["&C29&"] : "&D29 -> [5] : GET /pecas | C29: 5 | D29: GET /pecas | E29: ="[ "&C29&" ]" -> [ 5 ] | F29: 15.94 | G29: 3.5046 | H29: 8.9308 | I29: 3.5046
B30: ="["&C30&"] : "&D30 -> [10] : | C30: 10 | E30: ="[ "&C30&" ]" -> [ 10 ] | F30: 16.52 | G30: 3.7903535 | H30: 8.9392929 | I30: 3.7903535
B31: ="["&C31&"] : "&D31 -> [1] : | C31: 1 | E31: ="[ "&C31&" ]" -> [ 1 ] | F31: 5.6 | G31: 0.467 | H31: 4.666 | I31: 0.467
B32: ="["&C32&"] : "&D32 -> [5] : GET /relatorios | C32: 5 | D32: GET /relatorios | E32: ="[ "&C32&" ]" -> [ 5 ] | F32: 15.44 | G32: 3.6115 | H32: 8.217 | I32: 3.6115
B33: ="["&C33&"] : "&D33 -> [10] : | C33: 10 | E33: ="[ "&C33&" ]" -> [ 10 ] | F33: 18.04 | G33: 4.030101 | H33: 9.979798 | I33: 4.030101
B34: ="["&C34&"] : "&D34 -> [1] : | C34: 1 | E34: ="[ "&C34&" ]" -> [ 1 ] | F34: 4.8 | G34: 0.5235 | H34: 3.753 | I34: 0.5235
B35: ="["&C35&"] : "&D35 -> [5] : GET /testes | C35: 5 | D35: GET /testes | E35: ="[ "&C35&" ]" -> [ 5 ] | F35: 14.38 | G35: 3.4937 | H35: 7.3926 | I35: 3.4937
B36: ="["&C36&"] : "&D36 -> [10] : | C36: 10 | E36: ="[ "&C36&" ]" -> [ 10 ] | F36: 17.9 | G36: 4.415202 | H36: 9.069596 | I36: 4.415202
B38: Rótulo | C38: Usuários | D38: Requests | E38: Usuários | F38: Tempo de Resposta (ms) | G38: Latência de Requisição (ms) | H38: Tempo de Processamento (ms) | I38: Latência de Resposta (ms)
B39: Label | C39: Label | D39: Label | E39: Label | F39: Average | G39: Average | H39: Average | I39: Average
B40: ="["&C40&"] : "&D40 -> [1] : | C40: 1 | E40: ="[ "&C40&" ]" -> [ 1 ] | F40: 8.49 | G40: 0.695 | H40: 7.1 | I40: 0.695
B41: ="["&C41&"] : "&D41 -> [5] : Média | C41: 5 | D41: Média | E41: ="[ "&C41&" ]" -> [ 5 ] | F41: 19.94 | G41: 3.5408081 | H41: 12.858384 | I41: 3.5408081
B42: ="["&C42&"] : "&D42 -> [10] : | C42: 10 | E42: ="[ "&C42&" ]" -> [ 10 ] | F42: 21.69 | G42: 3.9813557 | H42: 13.727289 | I42: 3.9813557
